item_id,title,pict_url,category,brand_id,seller_id
277,2014 秋装 新款 打底衫 韩版 女装 衣服 潮流 条纹 大码 宽松上衣 长袖t恤 女 ,http://img01.taobaocdn.com/bao/uploaded/i1/TB1AqNMFVXXXXXhaXXXXXXXXXXX_!!0-item_pic.jpg,2-7,null,s1
185,2014 春秋装 新款 青年 男士夹克 秋季 休闲 薄 外套 韩版 修身 棒球服 衫 大码 ,http://img01.taobaocdn.com/bao/uploaded/i2/T1OfxpFA0aXXXXXXXX_!!0-item_pic.jpg,1-6,b1,s2
541,秋冬 棉 外 穿 加绒 加厚打底裤 女 显 瘦 弹力 大码 九 分 踩脚 一体 保暖 压力 裤 ,http://img01.taobaocdn.com/bao/uploaded/i1/TB1MTMTGXXXXXXkXXXXXXXXXXXX_!!0-item_pic.jpg,2-3,b2,s3
96,秋款 加厚 纯棉 莫代尔 打底裤 外 穿 秋 2014 新 女士 显 瘦 大码 秋冬 小脚 长裤 ,http://img01.taobaocdn.com/bao/uploaded/i3/TB1o6E8GpXXXXbTXFXXXXXXXXXX_!!0-item_pic.jpg,2-3,null,s4
218,贝诗奈尔 秋冬款 加绒 加厚 男装牛仔裤 男士 直筒 休闲 长 裤子 韩版 修身 潮 ,http://img01.taobaocdn.com/bao/uploaded/i4/T1b._zFPBaXXXXXXXX_!!0-item_pic.jpg,1-4,b3,s5
546,2014 秋装 新款 韩版 打底 白 衬衫 女 长袖 花边 立领 大码 女士衬衣 棉麻上衣 ,http://img01.taobaocdn.com/bao/uploaded/i4/TB1JVz8GpXXXXanXXXXXXXXXXXX_!!0-item_pic.jpg,2-9,b4,s6
545,【 1 折 网 】 欧洲站 2014 秋装 新款 大码女装 猫头鹰 卫衣 t恤 女 薄款外套 女 ,http://img01.taobaocdn.com/bao/uploaded/i4/TB1kGDoFVXXXXc3XXXXXXXXXXXX_!!0-item_pic.jpg,2-7,null,s7
552,2014 秋季 新款 韩版 潮 外 穿 打底裤 女士铅笔裤 显 瘦 弹力 修身小脚裤 子女 ,http://img01.taobaocdn.com/bao/uploaded/i4/T1JxLaFzXXXXXXXXXX_!!0-item_pic.jpg,2-3,b5,s8
127,2014 秋装 新款 韩版 潮 大码 休闲长裤 显 瘦 哈伦 裤 小脚 针织 职业 工作 女裤 ,http://img01.taobaocdn.com/bao/uploaded/i2/TB1NkU3FFXXXXbJXVXXXXXXXXXX_!!0-item_pic.jpg,2-2,null,s9
325,萨萨 公子 秋装 新款 修身 男士休闲裤 男装 小脚 男 裤子 韩版直筒长裤 男 潮 ,http://img01.taobaocdn.com/bao/uploaded/i2/TB1wlkJGXXXXXchXXXXXXXXXXXX_!!0-item_pic.jpg,1-2,b6,s10
178,czwei 秋冬季 上 新 牛仔裤 男 修身男装 直筒 中腰 男士 长 裤子 休闲 韩版 潮 ,http://img01.taobaocdn.com/bao/uploaded/i3/TB17InNGpXXXXaHXFXXXXXXXXXX_!!0-item_pic.jpg,1-4,b7,s11
136,韩版 男装 修身 男士 牛仔长裤 男 直筒 秋冬款 加绒牛仔裤 男 青年 大码 黑色 ,http://img01.taobaocdn.com/bao/uploaded/i2/14289043313676297/T1lsi1FiFgXXXXXXXX_!!0-item_pic.jpg,1-4,b8,s12
93,2014 春秋装 韩版 新款 女装 长袖 条纹 中长款 显 瘦 外 搭 针织衫 女 开衫外套 ,http://img01.taobaocdn.com/bao/uploaded/i2/TB1HoSXGXXXXXcvXFXXXXXXXXXX_!!0-item_pic.jpg,2-5,b9,s13
221,毛菇 小象   小脚 铅笔裤   休闲打底裤 长裤   大码女裤   2014 秋装 新款 女装 ,http://img01.taobaocdn.com/bao/uploaded/i1/T1HVWeFy0iXXXXXXXX_!!0-item_pic.jpg,2-2,b10,s14
37,秋季 薄款 九 分 踩脚打底裤 韩版 弹力 显 瘦 外 穿 加绒 大码 长裤 女士 小脚裤 ,http://img01.taobaocdn.com/bao/uploaded/i4/TB1izZKGXXXXXarXpXXXXXXXXXX_!!0-item_pic.jpg,2-3,b11,s15
519,2014 秋冬新款 韩版 女装 大码 修身 显 瘦 长袖 网纱 蕾丝衫 上衣 加绒 打底衫 ,http://img01.taobaocdn.com/bao/uploaded/i4/TB1ndY_FVXXXXbKXXXXXXXXXXXX_!!0-item_pic.jpg,2-12,null,s16
314,加绒 加厚打底裤 外 穿 2014 新 高腰 秋款 显 瘦 小脚 棉裤 冬季 大码女装 秋冬 ,http://img01.taobaocdn.com/bao/uploaded/i2/TB1W7K8GXXXXXXBXpXXXXXXXXXX_!!0-item_pic.jpg,2-3,b12,s17
346,2014 冬装 新款 加厚 男士 长袖t恤 潮 男装 打底衫 韩版 v领 修身 加绒 体恤 衫 ,http://img01.taobaocdn.com/bao/uploaded/i3/TB145tTGFXXXXXCXXXXXXXXXXXX_!!0-item_pic.jpg,1-7,null,s18
343,2014 秋冬新款 大码女装 欧美 复古连衣裙 A 字 收腰 小 清新 秋装连衣裙 子 ,http://img01.taobaocdn.com/bao/uploaded/i2/TB1WWcgFVXXXXXuXpXXXXXXXXXX_!!0-item_pic.jpg,2-10,null,s19
162,春秋款 假两件 打底裤 裙裤 外 穿 2014 新 高腰 加绒 加厚 女士 秋冬款 雅 羊 人 ,http://img01.taobaocdn.com/bao/uploaded/i1/TB1.HRzGXXXXXXAXFXXXXXXXXXX_!!0-item_pic.jpg,2-3,b13,s20
126,乔邦 鼠 男装 2014 韩版 潮 男士V领T恤   男生 修身 印花 长袖衣服 打底衫 男 ,http://img01.taobaocdn.com/bao/uploaded/i4/T1Q8d0FktXXXXXXXXX_!!0-item_pic.jpg,1-7,b14,s21
405,2014 秋装新款连衣裙 韩版 大码女装 长袖 职业 修身 娃娃领 春秋连衣裙 子 ,http://img01.taobaocdn.com/bao/uploaded/i1/T1BV9VFeXdXXXXXXXX_!!0-item_pic.jpg,2-10,null,s22
390,2014 秋装 新款 韩版 显 瘦 彩色铅笔裤 女装 夏 大码 弹力 小脚 休闲 长 裤子 潮 ,http://img01.taobaocdn.com/bao/uploaded/i2/T1l2PLFHNXXXXXXXXX_!!0-item_pic.jpg,2-2,null,s23
280,黑色 显 瘦 大码打底裤 外 穿 韩版 修身 紧身 弹力 小脚 铅笔裤 九 分 高腰 裤子 ,http://img01.taobaocdn.com/bao/uploaded/i2/T1Cnt8FtFzXXXXXXXX_!!0-item_pic.jpg,2-3,null,s24
456,2014 早秋 薄 外套 上 新款 春秋季 韩版 女装 潮 休闲 百搭小外套 长袖短外套 ,http://img01.taobaocdn.com/bao/uploaded/i1/TB1pWHeFVXXXXbVXXXXXXXXXXXX_!!0-item_pic.jpg,2-14,null,s25
475,RG 2014 男士 秋季 运动套装 潮流 卫衣   男 情侣 棒球服 套装 外套 男装 开衫 ,http://img01.taobaocdn.com/bao/uploaded/i2/TB1a00EGXXXXXbYXFXXXXXXXXXX_!!0-item_pic.jpg,1-16,b15,s26
528,圣 希 梵 男装 2014 秋装 新款   男士 长袖t恤 韩版 修身 圆领 纯棉打底衫 男 潮 ,http://img01.taobaocdn.com/bao/uploaded/i3/TB1t8BWGpXXXXa6XpXXXXXXXXXX_!!0-item_pic.jpg,1-7,b16,s27
199,2014 早秋 新款 套装 韩版 大码女装 两件套 长袖外套 修身 收腰 打底连衣裙 ,http://img01.taobaocdn.com/bao/uploaded/i3/TB1TT3RGXXXXXc1XpXXXXXXXXXX_!!0-item_pic.jpg,2-10,null,s28
332,2014 秋冬新款 女装 欧美风 毛呢短裤 女休闲裤 显 瘦 短裤 女裤 热裤 休闲裤 ,http://img01.taobaocdn.com/bao/uploaded/i2/TB1RLVqGFXXXXcIXpXXXXXXXXXX_!!0-item_pic.jpg,2-2,null,s29
211,2014 秋装 新款 彩色 糖果色铅笔裤 白色 大码 弹力   牛仔裤 女   小脚裤 长裤 ,http://img01.taobaocdn.com/bao/uploaded/i2/TB16qAxGXXXXXcyXpXXXXXXXXXX_!!0-item_pic.jpg,2-4,b17,s30
316,Le   hondies 秋季 休闲 男士牛仔裤 大码 男装 直筒男裤 修身 秋冬 长 裤子 男 ,http://img01.taobaocdn.com/bao/uploaded/i3/TB1H3EsGXXXXXaUXFXXXXXXXXXX_!!0-item_pic.jpg,1-4,b18,s31
150,2014 新款 七彩 棉 打底裤 秋冬款 冬季 外 穿 女士 加厚 显 瘦 高腰 九 分 一体 裤 ,http://img01.taobaocdn.com/bao/uploaded/i2/TB1wtk_FVXXXXXCXXXXXXXXXXXX_!!0-item_pic.jpg,2-3,b19,s32
231,男装 纯棉 体恤 秋季 圆领打底衫 男 韩版 修身 青少年 衣服   男士 长袖t恤 潮 ,http://img01.taobaocdn.com/bao/uploaded/i2/TB1DNlfGFXXXXXpXpXXXXXXXXXX_!!0-item_pic.jpg,1-7,b20,s33
25,加绒 加厚打底裤 外 穿 秋冬 2014 新 女士 大码女装 高腰 棉裤 显 瘦 小脚裤 ,http://img01.taobaocdn.com/bao/uploaded/i2/TB1Mc1fGpXXXXc0XVXXXXXXXXXX_!!0-item_pic.jpg,2-3,b21,s34
533,2014 秋季 韩版 新款   弹力 外 穿 高腰 打底裤 女 显 瘦   长裤 休闲 铅笔小脚裤 ,http://img01.taobaocdn.com/bao/uploaded/i1/T1MW1gFFJaXXXXXXXX_!!0-item_pic.jpg,2-3,null,s35
443,2014 秋装 新款 韩版 大码女装 潮 上衣   打底衫 女 长袖   白色 修身纯棉T恤 ,http://img01.taobaocdn.com/bao/uploaded/i1/TB1.b1YFVXXXXXGXpXXXXXXXXXX_!!0-item_pic.jpg,2-7,b22,s36
223,加绒 加厚 2014 秋冬新款 女士 外 穿 打底裤 九 分 长 裤子 大码 显 瘦 女装 小脚 ,http://img01.taobaocdn.com/bao/uploaded/i1/TB16kceGpXXXXbBXXXXXXXXXXXX_!!0-item_pic.jpg,2-3,b23,s37
319,2014 秋 新款 女装打底衫 韩版 修身 大码 显 瘦 衬衫领 上衣 纯棉长袖t恤 女 ,http://img01.taobaocdn.com/bao/uploaded/i3/TB1jM2dFVXXXXaxXVXXXXXXXXXX_!!0-item_pic.jpg,2-7,b24,s29
202,秋装运动裤 女 小脚 哈伦 裤 女裤 韩版 潮 宽松 显 瘦 大码女装 休闲裤 长 裤子 ,http://img01.taobaocdn.com/bao/uploaded/i3/TB1XbjfFVXXXXclXVXXXXXXXXXX_!!0-item_pic.jpg,2-2,null,s38
526,2014 秋冬新款 白色 女 长裤 韩版 显 瘦 小脚 裤子 弹力铅笔裤 打底 休闲 加绒 ,http://img01.taobaocdn.com/bao/uploaded/i4/T17dSiFxlcXXXXXXXX_!!0-item_pic.jpg,2-2,null,s39
341,秋冬季 新款 韩版 显 瘦 黑色 小脚 铅笔裤 弹力牛仔裤 女装休闲裤 长裤 裤子 ,http://img01.taobaocdn.com/bao/uploaded/i2/T1eFoUFBNbXXXXXXXX_!!0-item_pic.jpg,2-4,null,s40
203,霏 戈 秋装 男士 长袖衬衫 韩版 修身款 免烫 休闲 拼接 纯色 精纺 纯棉衬衣 潮 ,http://img01.taobaocdn.com/bao/uploaded/i4/TB1ozNEGpXXXXcDXFXXXXXXXXXX_!!0-item_pic.jpg,1-9,b25,s41
73,2014 韩版 秋冬新款 大码女装 外套 中长款 加绒 加厚 上衣 连帽套头卫衣 女 ,http://img01.taobaocdn.com/bao/uploaded/i4/TB1k4ESFVXXXXcZXFXXXXXXXXXX_!!0-item_pic.jpg,2-17,null,s42
471,MUT 纯白色 男士衬衫   男 长袖 修身型 韩版 青年 免烫衬衣 休闲 伴郎 潮 秋装 ,http://img01.taobaocdn.com/bao/uploaded/i4/TB1gzhwGXXXXXbmXXXXXXXXXXXX_!!0-item_pic.jpg,1-9,b26,s43
349,特 贝 凡 西   短袖T恤 男 韩版 修身 男士 印花 半袖t恤 男 短袖 潮 夏装 男装T恤 ,http://img01.taobaocdn.com/bao/uploaded/i2/12867024482435985/T1tbSsXvXfXXXXXXXX_!!0-item_pic.jpg,1-7,b27,s44
525,秋冬新款 加绒 加厚休闲裤 男   韩版 纯棉直筒 修身 长 裤子 男装小脚裤 潮 ,http://img01.taobaocdn.com/bao/uploaded/i4/TB1s6mvGXXXXXayXFXXXXXXXXXX_!!0-item_pic.jpg,1-2,b28,s45
259,秋冬款 女式牛仔裤 女装牛仔裤 深色 长裤 中腰 小脚 韩版 弹力 修身 显 瘦 ,http://img01.taobaocdn.com/bao/uploaded/i4/T1KuSgFBBdXXXXXXXX_!!0-item_pic.jpg,2-4,null,s46
433,力维 格兰特 t恤 男长袖t恤 男 V领 打底衫 男士 长袖t恤   针织t恤衫 男   潮 ,http://img01.taobaocdn.com/bao/uploaded/i1/TB1g6LJGpXXXXaZXXXXXXXXXXXX_!!0-item_pic.jpg,1-7,b29,s47
200,2014 男士 长袖T恤   林 弯 弯 潮 男 秋装 新款 学生 上衣 修身 纯棉 韩版打底衫 ,http://img01.taobaocdn.com/bao/uploaded/i2/TB1wStEFVXXXXaoXXXXXXXXXXXX_!!0-item_pic.jpg,1-7,b9,s48
450,莫代尔 纯棉 平角打底裤 短 裤子 大码 防 走光 蕾丝 三 分 安全裤 女 厂家 批发 ,http://img01.taobaocdn.com/bao/uploaded/i4/T1buNXFQXXXXXXXXXX_!!0-item_pic.jpg,2-3,b30,s49
50,修身女t恤 短袖 夏 常规 白色 纯棉 v领 体恤   纯 简约 女士打底衫 黑色 韩版 ,http://img01.taobaocdn.com/bao/uploaded/i2/TB1JIMUFFXXXXXVXpXXXXXXXXXX_!!0-item_pic.jpg,2-7,null,s50
91,美特斯邦威 2014 秋季 纯棉 潮 男士 长袖T恤 男装 印花 秋 衣服 男 韩版 秋装 ,http://img01.taobaocdn.com/bao/uploaded/i2/TB1rCueGXXXXXa7aXXXXXXXXXXX_!!0-item_pic.jpg,1-7,b31,s51
24,包邮 2014 秋装 新款 韩版 女士牛仔裤 长裤 女 裤子 小脚 铅笔裤 显 瘦 女装 潮 ,http://img01.taobaocdn.com/bao/uploaded/i4/T18nF1FwhaXXXXXXXX_!!0-item_pic.jpg,2-4,b32,s52
290,包邮 百搭 春秋 韩版修身针织衫 女装 中长款 外 搭 空调 开衫 长袖 防晒 外套 ,http://img01.taobaocdn.com/bao/uploaded/i1/T1TXGnFMVbXXXXXXXX_!!0-item_pic.jpg,2-5,null,s53
103,2 件 包邮 莫代尔 纯棉 女 一 三 分 平角打底裤 蕾丝边 安全裤 防 走光 夏 大码 ,http://img01.taobaocdn.com/bao/uploaded/i1/10110021658141935/T1r0uaXvddXXXXXXXX_!!0-item_pic.jpg,2-3,null,s54
423,波斯龙 青年 牛仔裤 男 加绒 加厚 秋冬款 潮 修身 直筒 休闲 韩版 男装 长 裤子 ,http://img01.taobaocdn.com/bao/uploaded/i3/TB1nCZ8GpXXXXX2XVXXXXXXXXXX_!!0-item_pic.jpg,1-4,b33,s55
432,2014 新款 早 秋装女裤 韩版休闲裤 长裤 女 修身 显 瘦 裤子 女 小脚裤 铅笔裤 ,http://img01.taobaocdn.com/bao/uploaded/i2/TB1R7hWGXXXXXaLXVXXXXXXXXXX_!!0-item_pic.jpg,2-2,null,s56
550,雪纺衫 女 长袖秋装 新款 韩版 大码女装 娃娃领 加绒 打底衫 上衣 雪纺衬衫 ,http://img01.taobaocdn.com/bao/uploaded/i1/TB1GzeJFVXXXXalaXXXXXXXXXXX_!!0-item_pic.jpg,2-12,b34,s57
181,2014 秋装 新款 女装 韩版 潮流 百搭 修身 大码 打底衫 小 V领 显 瘦 长袖t恤 女 ,http://img01.taobaocdn.com/bao/uploaded/i2/T1.4mjFX8eXXXXXXXX_!!0-item_pic.jpg,2-7,null,s58
256,nzk 男士牛仔裤   男   秋冬款 直筒 修身   长裤 黑色   加绒   青年 男装 男 裤子 ,http://img01.taobaocdn.com/bao/uploaded/i2/TB1qTdBGpXXXXaLXXXXXXXXXXXX_!!0-item_pic.jpg,1-4,b35,s59
196,2014 秋装外套 韩版 新款 修身 显 瘦 中长款 百搭 单排扣 女式 大码风衣 外套 ,http://img01.taobaocdn.com/bao/uploaded/i1/TB1BQX4GXXXXXbiXXXXXXXXXXXX_!!0-item_pic.jpg,2-20,b36,s60
122,秋冬季 加厚 2014 新 弹力仿牛仔 打底裤 女 外 穿 显 瘦 小脚 铅笔裤 春秋 薄款 ,http://img01.taobaocdn.com/bao/uploaded/i3/TB1JyUqFVXXXXalXXXXXXXXXXXX_!!0-item_pic.jpg,2-3,b37,s61
225,韩 范 加绒 浅色 秋季 紧身 修身弹力牛仔裤 女装 显 瘦 小脚 长裤 2014 新款 潮 ,http://img01.taobaocdn.com/bao/uploaded/i4/TB1E4JhGXXXXXaPXXXXXXXXXXXX_!!0-item_pic.jpg,2-4,null,s62
477,2014 秋冬新款 韩版 紧身 大码 弹力铅笔裤 显 瘦 小脚裤 黑色打底裤 女 外 穿 ,http://img01.taobaocdn.com/bao/uploaded/i1/TB1Xi.CGXXXXXcyXpXXXXXXXXXX_!!0-item_pic.jpg,2-3,null,s63
228,汉森 鸟 春秋牛仔裤 女 韩版 潮 铅笔裤 显 瘦 修身 大码 牛仔女裤 长 小脚裤 女 ,http://img01.taobaocdn.com/bao/uploaded/i3/TB1RMN_FVXXXXb0XFXXXXXXXXXX_!!0-item_pic.jpg,2-4,b38,s64
85,秋装 新款 千鸟格 小脚裤 女 黑白 格子 女 九分裤 显 瘦 印花 外 穿 打底裤 ,http://img01.taobaocdn.com/bao/uploaded/i3/TB1iEfDFFXXXXXOXXXXXXXXXXXX_!!0-item_pic.jpg,2-3,null,s65
428,真 衣 坊 秋冬款 加绒 加厚男裤 青年 修身 直筒 休闲 韩版 长裤 nzk 牛仔裤 男 ,http://img01.taobaocdn.com/bao/uploaded/i4/TB1zoy3GXXXXXcdXFXXXXXXXXXX_!!0-item_pic.jpg,1-4,b39,s66
348,意 宾 纯棉 男士 长袖衬衫 男士 格子衬衫 法兰绒 磨毛 衬衫 男 修身男装 秋装 ,http://img01.taobaocdn.com/bao/uploaded/i2/TB10yiHGpXXXXaPXFXXXXXXXXXX_!!0-item_pic.jpg,1-9,b40,s67
217,QCT   2014 春装 新款 秋冬 韩版 女装 宽松 休闲 打底 长袖 雪纺衬衫 上衣 衬衣 ,http://img01.taobaocdn.com/bao/uploaded/i4/TB1E5xfFVXXXXaMXXXXXXXXXXXX_!!0-item_pic.jpg,2-9,b41,s68
312,秋冬装 新款牛仔裤 女 秋 长裤 韩版 修身 弹力铅笔裤 大码 显 瘦 紧身小脚裤 ,http://img01.taobaocdn.com/bao/uploaded/i3/T14u8YFE8cXXXXXXXX_!!0-item_pic.jpg,2-4,b42,s69
171,2014 秋装 新款 韩版 大码女装 开衫 V领 短款 女 防晒 衫 毛衣 针织开衫 外套 ,http://img01.taobaocdn.com/bao/uploaded/i1/T1KlLKFBlaXXXXXXXX_!!0-item_pic.jpg,2-5,null,s70
99,KAROHS   2014 秋装 新款 韩版 修身   潮   纯棉圆领长袖t恤   男   男装 打底衫 ,http://img01.taobaocdn.com/bao/uploaded/i2/TB1gf_TFFXXXXbMapXXXXXXXXXX_!!0-item_pic.jpg,1-7,b43,s71
532,韩国 秋冬季 莫代尔 纯棉打底裤 外 穿 加厚绒 女士 春 灰色 韩版 大码小脚裤 ,http://img01.taobaocdn.com/bao/uploaded/i2/TB1FoBIGXXXXXasXXXXXXXXXXXX_!!0-item_pic.jpg,2-3,null,s72
506,2014 新款 夏装 韩版雪纺衫 女 长袖 韩版 蕾丝上衣 打底衬衫 休闲衬衣 女 潮 ,http://img01.taobaocdn.com/bao/uploaded/i1/T1M9ZEFp4dXXXXXXXX_!!0-item_pic.jpg,2-12,null,s73
441,欧洲站 秋装 2014 新款时尚 哈伦 裤   女 排扣 小脚 休闲牛仔裤 宽松 长 裤子 ,http://img01.taobaocdn.com/bao/uploaded/i3/TB17qiBFVXXXXbdXVXXXXXXXXXX_!!0-item_pic.jpg,2-4,b44,s74
313,2014 新款 外 穿 打底裤 女士 秋冬季 加大码 女装 加厚长裤 弹力 显 瘦 小脚裤 ,http://img01.taobaocdn.com/bao/uploaded/i2/TB1HVJxGFXXXXaTXXXXXXXXXXXX_!!0-item_pic.jpg,2-3,b45,s75
424,蕾 伊 丝 2014 早秋 新款 天鹅绒运动套装 女 春秋装 金丝 休闲服 秋季卫衣 潮 ,http://img01.taobaocdn.com/bao/uploaded/i4/TB1HxK2FVXXXXaEXXXXXXXXXXXX_!!0-item_pic.jpg,2-15,b46,s76
210,欧洲站 2014 早秋 新款 天鹅绒 春秋装 大码 卫衣 韩版 运动服 休闲套装 女装 ,http://img01.taobaocdn.com/bao/uploaded/i3/TB1UjTgFVXXXXcTXFXXXXXXXXXX_!!0-item_pic.jpg,2-15,b47,s77
459,吊带背心 女 打底衫 内搭 修身 大码 工字 无袖 纯棉 全棉 小 背心 针织吊带衫 ,http://img01.taobaocdn.com/bao/uploaded/i3/T1xyPFFIFXXXXXXXXX_!!0-item_pic.jpg,2-19,b48,s78
289,韩版 女装 宽松 大码 长袖t恤 女 打底衫 学生装 圆领 加绒 卫衣 女   秋冬外套 ,http://img01.taobaocdn.com/bao/uploaded/i1/T1d_xHFAd3XXXXXXXX_!!0-item_pic.jpg,2-7,b49,s79
248,MOJAY 夏装 男装 亚麻 裤 男 棉麻裤 宽松 小脚 休闲裤 九分裤 男士 哈伦 裤 男 ,http://img01.taobaocdn.com/bao/uploaded/i2/T1gcDhFq0cXXXXXXXX_!!0-item_pic.jpg,1-2,b50,s80
246,四季 经典 纯棉   Y 字   工字   吊带背心 女     背心 女   打底衫   小 背心   女装 ,http://img01.taobaocdn.com/bao/uploaded/i3/T16md8Fv0XXXXXXXXX_!!0-item_pic.jpg,2-19,null,s81
254,玛兰西卡   冬装 新 灯芯绒 格子 加绒 加厚 保暖衬衫   男士   长袖休闲衬衣 ,http://img01.taobaocdn.com/bao/uploaded/i2/TB1flnSGXXXXXbzXpXXXXXXXXXX_!!0-item_pic.jpg,1-9,b51,s82
149,泰 芝 郎 秋 衬衫 男 长袖 纯色 韩版 修身男装 拼接 牛仔 免烫 精纺 休闲衬衣 潮 ,http://img01.taobaocdn.com/bao/uploaded/i4/T1b2pKFsdIXXXXXXXX_!!0-item_pic.jpg,1-9,b52,s83
148,2014 秋装 新款 韩版 女装 学生 毛茸茸 百搭 棒球服 显 瘦 女士 小 开衫短外套 ,http://img01.taobaocdn.com/bao/uploaded/i1/TB12uJQFVXXXXcDXVXXXXXXXXXX_!!0-item_pic.jpg,2-14,null,s84
350,2014 秋季 新款 韩版 纯棉 男装 长 裤子 修身型 直筒 小脚 大码 潮 男士休闲裤 ,http://img01.taobaocdn.com/bao/uploaded/i1/T1mjmdFAFiXXXXXXXX_!!0-item_pic.jpg,1-2,b53,s85
206,冬季 高腰 加绒打底裤 外 穿 秋 2014 新款 女装 大码 加厚 保暖 一体 裤 黑 显 瘦 ,http://img01.taobaocdn.com/bao/uploaded/i1/TB1FyJoGFXXXXbOXpXXXXXXXXXX_!!0-item_pic.jpg,2-3,null,s86
435,韩版 2014 秋装 新款 大码女装 毛衣 女针织衫 女 开衫 春秋外套 女 宽松 披肩 ,http://img01.taobaocdn.com/bao/uploaded/i2/TB1_MTcFVXXXXcAXVXXXXXXXXXX_!!0-item_pic.jpg,2-5,null,s87
1,2014 秋冬款 绵羊皮皮衣 特价 男士皮衣 立领 修身 短款 真皮夹克 外套 ,http://img01.taobaocdn.com/bao/uploaded/i1/TB1y.iDGXXXXXcuXFXXXXXXXXXX_!!0-item_pic.jpg,1-1,b54,s88
543,2014 秋装 新款 大码女装 体恤 打底衫 韩版 修身 显 瘦 条纹 纯棉长袖t恤 女 ,http://img01.taobaocdn.com/bao/uploaded/i3/T1Cs0ZFX0aXXXXXXXX_!!0-item_pic.jpg,2-7,null,s89
481,秋冬新款 打底裤 女 韩版 长裤 大码 显 瘦 拉绒裤 连裤袜 九分裤 打底裤 901 ,http://img01.taobaocdn.com/bao/uploaded/i1/TB15BcqFVXXXXXrXXXXXXXXXXXX_!!0-item_pic.jpg,2-3,null,s90
5,韩国代购 2014 秋装 显 瘦 高腰牛仔裤 女 小脚裤 铅笔裤 弹力 紧身 长裤 潮 ,http://img01.taobaocdn.com/bao/uploaded/i4/TB1SqEdGXXXXXXlXFXXXXXXXXXX_!!0-item_pic.jpg,2-4,null,s91
464,2014 早秋 新款 韩版 女 初秋 新品 显 瘦 修身 外 穿 哈伦 休闲 长 裤子 小脚 裤子 ,http://img01.taobaocdn.com/bao/uploaded/i4/TB1F38hGXXXXXXHXXXXXXXXXXXX_!!0-item_pic.jpg,2-2,b36,s60
18,2014 秋装 新款 高腰牛仔裤 女 韩版   潮 显 瘦 小脚 铅笔裤 弹力 收腹 长 裤子 ,http://img01.taobaocdn.com/bao/uploaded/i4/TB1QJWPFVXXXXckXVXXXXXXXXXX_!!0-item_pic.jpg,2-4,b55,s92
14,韩国 高腰 半身裙子   秋冬 伞裙 a字裙 百褶裙 蓬 蓬 太空棉 中裙 超短裙 女 长 ,http://img01.taobaocdn.com/bao/uploaded/i2/T1kOSzFy0aXXXXXXXX_!!0-item_pic.jpg,2-8,b56,s93
457,包邮   花花公子 男士纯棉背心   男   莱卡 紧身 运动 健身 打底 汗背心 男 夏 ,http://img01.taobaocdn.com/bao/uploaded/i2/T1SofzFH0aXXXXXXXX_!!0-item_pic.jpg,1-21,b57,s94
389,秋装女装 新款 韩版 秋衣 女士 V领 宽松 长袖 大号 打底衫 女t恤 长款 春秋 潮 ,http://img01.taobaocdn.com/bao/uploaded/i3/T1VFO1FfJeXXXXXXXX_!!0-item_pic.jpg,2-7,null,s95
476,秋装 2014 新款 彩色铅笔裤 弹力 修身 显 瘦 休闲女裤   糖果色 小脚 长 裤子 ,http://img01.taobaocdn.com/bao/uploaded/i3/T1D2hhFFleXXXXXXXX_!!0-item_pic.jpg,2-2,b58,s96
414,中年 妈妈装 中老年 连衣裙 40 - 45 - 50 岁 修身 秋 大码女装 短袖 花裙子 夏装 ,http://img01.taobaocdn.com/bao/uploaded/i4/TB1nQJQFVXXXXaVXFXXXXXXXXXX_!!0-item_pic.jpg,2-10,null,s97
47,2014 早秋 新款 闺 蜜 姐妹装 韩版   t恤 大码女装 短袖 原宿 风 宽松 学生装 薄 ,http://img01.taobaocdn.com/bao/uploaded/i2/T1Lw06Fy8lXXXXXXXX_!!2-item_pic.png,2-7,null,s98
224,秋装 韩版 女装 大码 打底小衫   长袖t恤 女 上衣 中长款 宽松外套 头 卫衣 女 ,http://img01.taobaocdn.com/bao/uploaded/i1/T1bnBZFzpeXXXXXXXX_!!0-item_pic.jpg,2-7,null,s99
269,春秋款 外 穿 2014 新 假两件 打底裤 裙 裤子 薄款 女 秋冬 显 瘦 小脚 长裤 大码 ,http://img01.taobaocdn.com/bao/uploaded/i1/TB1kAhRGXXXXXXfXXXXXXXXXXXX_!!0-item_pic.jpg,2-3,b59,s100
191,吴娃 2014 新款 秋装 韩版 甜美 气质 大码女装 打底衫 潮 显 瘦 网纱 长袖T恤 ,http://img01.taobaocdn.com/bao/uploaded/i1/16812028052942249/T1K_m2Fi0cXXXXXXXX_!!0-item_pic.jpg,2-7,b60,s101
444,【 39.9 元 】 欧比森 冬季 加绒 加厚 男 长袖衬衫 精纺棉 商务 保暖 条纹衬衣 ,http://img01.taobaocdn.com/bao/uploaded/i4/TB1SyW.GpXXXXXUXXXXXXXXXXXX_!!0-item_pic.jpg,1-9,b61,s102
298,2014 新款 春秋装 女装 薄款 针织开衫 长款 披肩 宽松 大码 外套 空调 衫 ,http://img01.taobaocdn.com/bao/uploaded/i3/TB1AZ1gGXXXXXcBXpXXXXXXXXXX_!!0-item_pic.jpg,2-5,null,s103
520,2014 夏潮 韩版 蓝 黑白色 A 字 裤子   显 瘦 胖 mm 加大码 女 高腰 牛仔短裤 热裤 ,http://img01.taobaocdn.com/bao/uploaded/i2/T1ySERFJBXXXXXXXXX_!!0-item_pic.jpg,2-4,null,s104
285,拍 下 19.9 元 秋冬女装 新款 弹力 显 瘦 七彩 棉 打底裤 外 穿 加厚长裤 一体 裤 ,http://img01.taobaocdn.com/bao/uploaded/i1/TB1iUv5GpXXXXX0XVXXXXXXXXXX_!!0-item_pic.jpg,2-3,b62,s105
303,优雅 妃 长袖t恤 女 大码女装 秋款 2014 新款 打底衫 女 长袖上衣 新款 秋装 ,http://img01.taobaocdn.com/bao/uploaded/i2/TB1FwssFVXXXXcsXXXXXXXXXXXX_!!0-item_pic.jpg,2-7,b63,s106
351,2014 新款 显 瘦 欧美风 大码 弹力 铅笔小脚裤 黑色打底裤 外 穿 秋 女休闲裤 ,http://img01.taobaocdn.com/bao/uploaded/i2/TB1H7c_FVXXXXXPXpXXXXXXXXXX_!!0-item_pic.jpg,2-3,b64,s107
417,2014 秋冬装 新款 加绒 休闲裤子 宽松 运动 小脚裤 哈伦 裤 女士 长 卫裤 韩版 ,http://img01.taobaocdn.com/bao/uploaded/i4/TB19eT0FVXXXXbfaXXXXXXXXXXX_!!0-item_pic.jpg,2-2,null,s108
165,2014 秋装 女 裤子 韩版 潮 铅笔裤 女牛仔裤 女 小脚裤 高腰牛仔裤 显 瘦 长裤 ,http://img01.taobaocdn.com/bao/uploaded/i1/11387030862195228/T1KM3IFmJbXXXXXXXX_!!0-item_pic.jpg,2-4,b65,s109
529,加绒 加厚 假两件 打底裤 裙 外 穿 秋冬 2014 新 显 瘦 带 裙裤 女 小脚 长裤 大码 ,http://img01.taobaocdn.com/bao/uploaded/i1/TB1CbUsFVXXXXaBXXXXXXXXXXXX_!!0-item_pic.jpg,2-3,b66,s110
258,朗蒙 秋装 纯棉 牛津 纺 男士 长袖衬衫 韩版 修身男装 纯色 保暖 白衬衣 免烫 ,http://img01.taobaocdn.com/bao/uploaded/i3/TB1DoUCGpXXXXawXXXXXXXXXXXX_!!0-item_pic.jpg,1-9,b67,s111
342,加绒 加厚打底裤 女士 外 穿 高腰 2014 秋冬款 女装 显 瘦 大码 弹力 小脚 长裤 ,http://img01.taobaocdn.com/bao/uploaded/i1/TB137ZtFVXXXXXZXpXXXXXXXXXX_!!0-item_pic.jpg,2-3,b68,s112
180,欧洲站 2014 早秋 新款 金丝 天鹅绒运动套装 秋装 韩版 大码女装 休闲卫衣 ,http://img01.taobaocdn.com/bao/uploaded/i4/TB1T5_vGXXXXXadXVXXXXXXXXXX_!!0-item_pic.jpg,2-15,b47,s77
296,秋装 2014 韩版 新款 女装 蕾丝 t恤 大码 宽松 女士 蝙蝠衫 长袖 女 莫代尔 潮 ,http://img01.taobaocdn.com/bao/uploaded/i4/TB1f3MhFVXXXXa5XFXXXXXXXXXX_!!0-item_pic.jpg,2-7,b69,s113
266,公爵 车 2014 秋装 新款 男士休闲裤 小脚 男 裤子 纯棉 修身直筒长裤 韩版 潮 ,http://img01.taobaocdn.com/bao/uploaded/i2/TB1v0BaGXXXXXb6XVXXXXXXXXXX_!!0-item_pic.jpg,1-2,b70,s114
371,秋冬新款 韩版 套头卫衣 女 宽松 大码 胖 MM 兔八哥 中长款 长袖 加绒 上衣 女 ,http://img01.taobaocdn.com/bao/uploaded/i4/TB1.VrdFVXXXXXhXVXXXXXXXXXX_!!0-item_pic.jpg,2-17,null,s115
241,秋冬款 YYK 男士牛仔裤 男 裤子 直筒 韩版 修身小脚裤 男装 潮流 休闲长裤 ,http://img01.taobaocdn.com/bao/uploaded/i1/TB1iav1FVXXXXagaXXXXXXXXXXX_!!0-item_pic.jpg,1-4,b71,s116
500,400 克 超厚   加绒 加厚打底裤 秋冬季 女 韩版 七彩 棉裤   外 穿 一体 保暖裤 ,http://img01.taobaocdn.com/bao/uploaded/i4/T1dAzUFgtdXXXXXXXX_!!0-item_pic.jpg,2-3,null,s117
208,华维登 2014 秋装 新款 男士休闲裤 男装 商务 直筒 男 裤子 修身 小脚 长裤 潮 ,http://img01.taobaocdn.com/bao/uploaded/i2/TB1SD_WGXXXXXXRXVXXXXXXXXXX_!!0-item_pic.jpg,1-2,b72,s118
503,2014 秋冬 韩版 潮 棉 显 瘦 弹力 纯色 百搭 女 裤子 秋装长裤 打底裤 秋 九分裤 ,http://img01.taobaocdn.com/bao/uploaded/i4/TB1yTMcFVXXXXcWXXXXXXXXXXXX_!!0-item_pic.jpg,2-3,b73,s119
236,胜 魔 士 秋冬款 男裤 牛仔裤 男 修身 加厚 加绒 男装 直筒 中腰 韩版 休闲 潮 ,http://img01.taobaocdn.com/bao/uploaded/i2/T1I2QYFqJaXXXXXXXX_!!0-item_pic.jpg,1-4,b74,s120
366,男装 秋季牛仔裤 男 秋冬款 青年 长裤 直筒 修身 韩版 潮 男士牛仔裤 裤子 男 ,http://img01.taobaocdn.com/bao/uploaded/i3/T1qR4ZFBXaXXXXXXXX_!!0-item_pic.jpg,1-4,b75,s121
333,包邮   修身 纯棉长款背心   女工 字   Y型   交叉   吊带 女士 打底背心 运动 ,http://img01.taobaocdn.com/bao/uploaded/i4/T1MyC4FfJbXXXXXXXX_!!0-item_pic.jpg,2-19,null,s122
80,MOJAY 韩版 男装 2014 新款 夏装 潮流 小 清新 民族风 印花 男士 修身短袖T恤 ,http://img01.taobaocdn.com/bao/uploaded/i2/T1Cq4jFTFcXXXXXXXX_!!0-item_pic.jpg,1-7,b50,s80
104,全棉 工字背心 女 2014 夏季 韩版 纯棉 修身 无袖 内搭 外 穿 大码吊带 打底衫 ,http://img01.taobaocdn.com/bao/uploaded/i3/T1MMz1FxhcXXXXXXXX_!!0-item_pic.jpg,2-19,b76,s123
116,2014 早秋 新款 韩版 套装 两件套 长袖连衣裙 秋季 大码女装 气质背心裙 女 ,http://img01.taobaocdn.com/bao/uploaded/i4/TB1UfyaGXXXXXbbXXXXXXXXXXXX_!!0-item_pic.jpg,2-10,null,s124
261,才子 秀 秋冬款 裤子 男休闲裤 男士 加厚 加绒运动裤 男 长裤 卫裤 男裤 修身 ,http://img01.taobaocdn.com/bao/uploaded/i1/TB1X0RRGXXXXXaRXFXXXXXXXXXX_!!0-item_pic.jpg,1-2,b77,s125
89,贝诗奈尔 2014 秋冬款 男装 小脚牛仔裤 男士 修身 弹力 韩版 休闲 长 裤子 潮 ,http://img01.taobaocdn.com/bao/uploaded/i2/T1yHTNFANXXXXXXXXX_!!0-item_pic.jpg,1-4,b3,s5
445,2014 秋季 新款 外 穿 打底裤 女 显 瘦 弹力 小脚 铅笔裤 高腰 大码 长 裤子 女 ,http://img01.taobaocdn.com/bao/uploaded/i1/TB1KPkMGXXXXXauXFXXXXXXXXXX_!!0-item_pic.jpg,2-3,b5,s8
28,2014 秋冬款 新款 青年 牛仔裤 蓝 黑色 男装 加绒 直筒 休闲 修身 长 裤子 nzk ,http://img01.taobaocdn.com/bao/uploaded/i4/TB1MBQlGpXXXXcGXFXXXXXXXXXX_!!0-item_pic.jpg,1-4,b28,s126
558,lroztn   2014 新款 秋装 男装 v领   潮 男士 长袖t恤   打底衫   纯色 纯棉 加绒 ,http://img01.taobaocdn.com/bao/uploaded/i3/TB1juuAGpXXXXbgXpXXXXXXXXXX_!!0-item_pic.jpg,1-7,b78,s127
362,kandses 2014 秋装 新款 男装 休闲格子衬衣   韩版 男士 磨毛 长袖衬衫 男 ,http://img01.taobaocdn.com/bao/uploaded/i3/TB1hPqlGpXXXXaVXVXXXXXXXXXX_!!0-item_pic.jpg,1-9,b79,s128
510,2014 秋冬季 装 新款 大码女装 潮 上 衣服 韩版 修身 纯棉打底衫 女 长袖t恤 ,http://img01.taobaocdn.com/bao/uploaded/i4/T1lH_KFI4aXXXXXXXX_!!0-item_pic.jpg,2-7,null,s129
102,秋季打底裤 秋裤 女 长裤 显 瘦   胖妹妹 大码 高腰 可 外 穿 铅笔 紧身弹力裤 ,http://img01.taobaocdn.com/bao/uploaded/i3/TB1LvnUGpXXXXbBXXXXXXXXXXXX_!!0-item_pic.jpg,2-3,b80,s130
26,加绒 加厚打底裤 2014 秋冬季 新款 女士 大码女装 外 穿 小脚裤 显 瘦 长 裤子 ,http://img01.taobaocdn.com/bao/uploaded/i3/TB1dyhqGFXXXXc5XpXXXXXXXXXX_!!0-item_pic.jpg,2-3,b81,s131
281,天鹅绒运动套装 女 韩版 早秋 新款 金丝绒 卫衣 欧洲站 春秋季 欧 货 休闲服 ,http://img01.taobaocdn.com/bao/uploaded/i2/TB19WTVFVXXXXc8XVXXXXXXXXXX_!!0-item_pic.jpg,2-15,b82,s132
554,2014 秋 显 瘦 中年 连衣裙 夏装 大码女装 新款 韩版 碎花 中老年 妈妈装 长裙 ,http://img01.taobaocdn.com/bao/uploaded/i1/TB122t7FVXXXXcvXpXXXXXXXXXX_!!0-item_pic.jpg,2-10,null,s133
204,男士 长袖T恤 2014 韩版 男装 纯棉 潮 V领 修身打底衫 秋衣 纯色 秋装 衣服  ,http://img01.taobaocdn.com/bao/uploaded/i2/TB1lcWEGpXXXXamXpXXXXXXXXXX_!!0-item_pic.jpg,1-7,null,s134
253,2014 秋装   外 穿 弹力 休闲 铅笔 小脚 高腰 大码 糖果色打底裤 女 显 瘦 长裤 ,http://img01.taobaocdn.com/bao/uploaded/i2/TB1PnJWGXXXXXc8XXXXXXXXXXXX_!!0-item_pic.jpg,2-3,b83,s135
98,2014 春秋 新款 韩版 休闲 百搭开衫 大码 潮 夹克 女装 豹纹 短款 学生 小外套 ,http://img01.taobaocdn.com/bao/uploaded/i2/T1sQSLFs8lXXXXXXXX_!!0-item_pic.jpg,2-14,null,s136
334,2014 春秋装 新款 悦 蝶儿 女装 中长款 外 搭 开衫 厚 外套 女针织衫 大码毛衣 ,http://img01.taobaocdn.com/bao/uploaded/i4/TB1KTykGXXXXXb5aXXXXXXXXXXX_!!0-item_pic.jpg,2-5,b84,s137
257,骑士 普丁 2014 秋装 新款   修身 男式 韩版 潮流 V领 男士 休闲长袖T恤   男装 ,http://img01.taobaocdn.com/bao/uploaded/i3/TB1QJGLFVXXXXaLXVXXXXXXXXXX_!!0-item_pic.jpg,1-7,b85,s138
76,2014 秋装 新款 韩版 胖 mm 宽松 大码 时尚 百搭 纯色 长袖 休闲 打底连衣裙 女 ,http://img01.taobaocdn.com/bao/uploaded/i1/T1RnPeFXxdXXXXXXXX_!!0-item_pic.jpg,2-10,null,s139
517,绍 迪 辉 秋装 男士休闲裤 男 秋 男装 裤子 韩版 修身 哈伦 裤 小脚 直筒长裤 潮 ,http://img01.taobaocdn.com/bao/uploaded/i3/TB14kDCGpXXXXbWXFXXXXXXXXXX_!!0-item_pic.jpg,1-2,b86,s140
396,加绒 加厚 2014 秋冬新款 外 穿 秋款打底裤 女士 大码女装 显 瘦 小脚 长 裤子 ,http://img01.taobaocdn.com/bao/uploaded/i4/TB1813pGpXXXXXoXVXXXXXXXXXX_!!0-item_pic.jpg,2-3,b87,s141
179,2014 夏季新款   男士短袖T恤   纯色 V领 T   个性 男款 半袖 欧美 男装 潮 纯棉 ,http://img01.taobaocdn.com/bao/uploaded/i4/1860270913/T1QsV7FEXXXXXXXXXX_!!0-item_pic.jpg,1-7,b88,s142
438,特 加肥 加大码 女装 200 斤 胖 mm 秋装 2014 胖妹妹 打底裤 韩版女裤 长 裤子 ,http://img01.taobaocdn.com/bao/uploaded/i4/TB1xbJLFVXXXXb3XXXXXXXXXXXX_!!0-item_pic.jpg,2-24,b89,s143
406,彩 黛妃 2014 新款 秋装 韩版 修身外套 女 长袖 春秋 女士 休闲 百搭 小西装 女 ,http://img01.taobaocdn.com/bao/uploaded/i4/TB1ZwByGXXXXXc0aXXXXXXXXXXX_!!0-item_pic.jpg,2-23,b90,s144
437,2014 春秋装 宽松毛衣 女装 大码 中长款 长袖针织衫 开衫 女 韩版 厚款外套 ,http://img01.taobaocdn.com/bao/uploaded/i2/T1tqt1Fw8eXXXXXXXX_!!0-item_pic.jpg,2-5,b9,s145
97,2014 新款 秋装 韩版 中长款 宽松 大码女装 长袖 纯棉打底衫 学生装 t恤 潮 ,http://img01.taobaocdn.com/bao/uploaded/i2/T1tCzZFe8iXXXXXXXX_!!0-item_pic.jpg,2-7,null,s146
302,2014 秋冬 加绒 显 瘦 休闲裤子 宽松运动裤 哈伦 裤 女 长 卫裤 小脚裤 韩版 潮 ,http://img01.taobaocdn.com/bao/uploaded/i3/18078027161578966/T1PAuuFhJaXXXXXXXX_!!0-item_pic.jpg,2-2,b91,s147
187,【 1 折 网 】 2014 秋冬装 新款 大码女装 上衣 潮 修身 纯棉打底衫 女 长袖t恤 ,http://img01.taobaocdn.com/bao/uploaded/i4/T1lH_KFI4aXXXXXXXX_!!0-item_pic.jpg,2-7,null,s148
114,包邮 春装 新款 2014   女士吊带背心 新款   小 吊带衫   大码 打底 工字背心 ,http://img01.taobaocdn.com/bao/uploaded/i1/TB1rMvGGXXXXXcrXXXXXXXXXXXX_!!0-item_pic.jpg,2-19,b92,s149
385,显 瘦 女式裤子 2014 潮 秋装 新款 大码女装 休闲裤 小脚裤 铅笔裤 女裤 长裤 ,http://img01.taobaocdn.com/bao/uploaded/i2/TB1.b8CFVXXXXbmXVXXXXXXXXXX_!!0-item_pic.jpg,2-2,null,s150
169,欧比森 秋冬季 男士 格子 加厚 保暖衬衫   男   长袖 休闲 加绒 磨毛 衬衣 男装 ,http://img01.taobaocdn.com/bao/uploaded/i4/TB1uFOXGpXXXXbfXFXXXXXXXXXX_!!0-item_pic.jpg,1-9,b61,s102
547,红杉 堡 2014 秋装 新款 中年 男士 长袖t恤衫   翻领 中老年男装 上衣 爸爸 装 ,http://img01.taobaocdn.com/bao/uploaded/i3/TB1ho6VGpXXXXa.XXXXXXXXXXXX_!!1-item_pic.gif,1-7,b93,s151
557,2014 新款 男士 休闲 小脚牛仔裤 修身 四季 牛仔 男 长 裤子 韩版 潮 包邮 ,http://img01.taobaocdn.com/bao/uploaded/i4/T1yOqlFxRdXXXXXXXX_!!0-item_pic.jpg,1-4,b75,s152
216,2014 秋装 女 韩版 网纱 T恤 圆领 蕾丝打底衫 长袖 弹力 修身 纱衣 上衣 小衫 ,http://img01.taobaocdn.com/bao/uploaded/i2/TB1AeVgFVXXXXcJXFXXXXXXXXXX_!!0-item_pic.jpg,2-7,null,s153
480,高腰 打底裤 外 穿 紧身裤 女 大码 弹力小脚裤 薄款 打底长裤 修身 显 瘦 潮 秋 ,http://img01.taobaocdn.com/bao/uploaded/i3/T1_qj0FwVdXXXXXXXX_!!0-item_pic.jpg,2-3,b94,s154
326,韩国 高腰半身裙 秋冬 伞裙 a字裙 百褶裙 蓬蓬裙 太阳裙 中裙 超短裙子 长 ,http://img01.taobaocdn.com/bao/uploaded/i3/TB1T.jYGXXXXXcXXpXXXXXXXXXX_!!0-item_pic.jpg,2-8,null,s155
427,针织开衫 外套 轻薄 春秋 女 毛衣 岚 薇 2014 秋装 新款 大码 针织衫   女   开衫 ,http://img01.taobaocdn.com/bao/uploaded/i1/T1K.5aFrtdXXXXXXXX_!!0-item_pic.jpg,2-5,b95,s156
306,秋冬新款   有 加绒   白色裤子 显 瘦 黑色小脚裤 女 大码 休闲 女 打底裤 长裤 ,http://img01.taobaocdn.com/bao/uploaded/i2/T1T0Q2FeNaXXXXXXXX_!!0-item_pic.jpg,2-2,null,s157
227,薇 妮 鸟 秋装 新款 白 衬衫 女装 长袖 韩版 大码 长款 宽松 休闲 棉麻 女士衬衣 ,http://img01.taobaocdn.com/bao/uploaded/i3/TB1UO3gFVXXXXaiXFXXXXXXXXXX_!!0-item_pic.jpg,2-9,b96,s158
274,秋冬新款 女装 半身裙 蓬 蓬 伞裙 太阳 百褶裙 裤 韩版 高腰 A 字 短 裙子 大码 ,http://img01.taobaocdn.com/bao/uploaded/i3/T1MqcuFGJeXXXXXXXX_!!0-item_pic.jpg,2-8,b97,s159
72,2014 中老年 秋装女装外套 老年人 长袖 宽松 中年 妈妈装 两件套 套装 上衣 ,http://img01.taobaocdn.com/bao/uploaded/i4/TB1x3P6GXXXXXcLXpXXXXXXXXXX_!!0-item_pic.jpg,2-13,b98,s160
172,2014 秋冬 弹力 高腰 加绒 加厚 女 外 穿 打底裤 长 裤子 显 瘦 踩脚 大码小脚裤 ,http://img01.taobaocdn.com/bao/uploaded/i4/TB11KckGpXXXXccXFXXXXXXXXXX_!!2-item_pic.png,2-3,b99,s161
308,秋冬新款 2014 女装 韩版 印花 长袖衬衫 女 长袖打底衫 翻领 女 衬衣 修身 ,http://img01.taobaocdn.com/bao/uploaded/i3/TB1K1g7FVXXXXb.XXXXXXXXXXXX_!!0-item_pic.jpg,2-9,null,s162
163,TIANKUDC 2014 秋季 新 修身裤 男士休闲裤 男 韩版 哈伦 裤 小脚裤 男 直筒裤 ,http://img01.taobaocdn.com/bao/uploaded/i1/T1zZX5FuNeXXXXXXXX_!!0-item_pic.jpg,1-2,b100,s163
324,卓美特 2014 中老年女装 秋装外套 大码 妈妈装 两件套 针织开衫 长袖毛衣 ,http://img01.taobaocdn.com/bao/uploaded/i2/TB1LOggFVXXXXc3XpXXXXXXXXXX_!!0-item_pic.jpg,2-13,b101,s164
164,包邮 ！ 2014 冬装 新款 韩版 可爱 熊 耳朵 闺 蜜 装 学生女装 长袖卫衣 外套 潮 ,http://img01.taobaocdn.com/bao/uploaded/i3/TB11iV2GFXXXXX3XXXXXXXXXXXX_!!2-item_pic.png,2-17,b102,s165
416,2014 秋装 新款 韩版 女装 牛仔 宽松背带裤 休闲 连体长裤 破洞 显 瘦 吊带裤 ,http://img01.taobaocdn.com/bao/uploaded/i2/TB1A2YdFVXXXXavXFXXXXXXXXXX_!!0-item_pic.jpg,2-4,null,s166
413,5901   春装 新款 2014   女士吊带背心   小 吊带衫 大码 打底 工字背心 ,http://img01.taobaocdn.com/bao/uploaded/i2/TB1aIEMGpXXXXb5XXXXXXXXXXXX_!!0-item_pic.jpg,2-19,b103,s167
110,2014 秋 加厚 外 穿 打底裤 女 韩版 显 瘦 弹力小脚裤 高腰 一体 裤 长裤 七彩 棉 ,http://img01.taobaocdn.com/bao/uploaded/i1/TB1DGNoGFXXXXbEXFXXXXXXXXXX_!!0-item_pic.jpg,2-3,b45,s75
352,早秋 新款 套装 大码女装 2014 冬 气质 显 瘦 修身 包臀 针织 长袖 打底连衣裙 ,http://img01.taobaocdn.com/bao/uploaded/i4/TB1q11ZFVXXXXanXFXXXXXXXXXX_!!0-item_pic.jpg,2-10,null,s29
561,水妍 2014 秋冬新款 韩国 金丝绒 薄款 黑色 九 分 女装打底裤 外 穿 长裤 小脚 ,http://img01.taobaocdn.com/bao/uploaded/i4/TB1144IGXXXXXc3XXXXXXXXXXXX_!!0-item_pic.jpg,2-3,b104,s168
81,JVR 2014 秋装 新款 修身 男士休闲裤 男装 小脚 男 裤子 韩版直筒长裤 男 潮 ,http://img01.taobaocdn.com/bao/uploaded/i4/TB1XzsfGXXXXXXOXFXXXXXXXXXX_!!0-item_pic.jpg,1-2,b105,s169
502,秋冬装 2014 新款 大码女装 长袖T恤   韩版 修身 显 瘦 加绒 加厚打底衫 上衣 ,http://img01.taobaocdn.com/bao/uploaded/i1/TB1nK8qGFXXXXa7XVXXXXXXXXXX_!!0-item_pic.jpg,2-7,b106,s170
392,秋款打底裤 外 穿 2014 新 纯棉 莫代尔 加绒 秋冬季 大码 显 瘦 小脚 长裤 加厚 ,http://img01.taobaocdn.com/bao/uploaded/i4/TB1SKMTFVXXXXXsXFXXXXXXXXXX_!!0-item_pic.jpg,2-3,b37,s61
340,高腰 弹力 女士打底裤 秋冬季 外 穿 白 黑色 薄款 九 分 小脚 长 裤子 大码女装 ,http://img01.taobaocdn.com/bao/uploaded/i2/TB1naESFVXXXXbAXVXXXXXXXXXX_!!0-item_pic.jpg,2-3,b107,s171
87,秋装 新款 韩版 大码 显 瘦 小脚 铅笔裤 女 千鸟格 外 穿 打底裤 休闲裤 女 长裤 ,http://img01.taobaocdn.com/bao/uploaded/i3/TB1YiZ.FVXXXXauaXXXXXXXXXXX_!!0-item_pic.jpg,2-2,null,s172
138,女装 短外套 2014 春秋 牛仔外套 女 长袖 韩版 潮 百搭 水洗 磨白 短款小外套 ,http://img01.taobaocdn.com/bao/uploaded/i4/TB1RM52FVXXXXblXpXXXXXXXXXX_!!0-item_pic.jpg,2-14,null,s173
311,秋季 大码 深色 男士牛仔裤   男   直筒 修身 宽松 潮   牛仔 长 裤子 男裤 男装 ,http://img01.taobaocdn.com/bao/uploaded/i1/T1pL7FFuNXXXXXXXXX_!!0-item_pic.jpg,1-4,b108,s174
367,2014 秋装 新款长袖T恤 女款 打底衫 大码 修身 显 瘦 t恤 女 韩版 秋冬 女 上衣 ,http://img01.taobaocdn.com/bao/uploaded/i2/TB13qNPFVXXXXbIaXXXXXXXXXXX_!!0-item_pic.jpg,2-7,null,s175
56,此 宝贝 因 尺码 混乱 问题 暂时 下 架 ， 请 联系 客服 拍 新 链接 ， 同款 宝贝 ,http://img01.taobaocdn.com/bao/uploaded/i4/TB1b3FZFVXXXXalaXXXXXXXXXXX_!!0-item_pic.jpg,2-15,b109,s176
197,韩国 莫代尔 小吊带 背心 女式 外 穿 夏季 中长款 修身 显 瘦 打底小衫 包臀 潮 ,http://img01.taobaocdn.com/bao/uploaded/i2/T1gDS3FRpeXXXXXXXX_!!0-item_pic.jpg,2-19,null,s177
375,飞扬 故事 春秋装 韩版 女士 长袖衬衫 女装 白色雪纺衫 打底衫 女 修身 百搭 ,http://img01.taobaocdn.com/bao/uploaded/i4/T17hiQFq8pXXXXXXXX_!!0-item_pic.jpg,2-9,b110,s178
182,2014 新款 秋冬季 短裤   毛呢短裤   女装 韩版 修身 加厚休闲裤 热裤 靴 裤子 ,http://img01.taobaocdn.com/bao/uploaded/i3/T1RqePFmpfXXXXXXXX_!!0-item_pic.jpg,2-2,null,s179
8,2014 春秋装 薄 夹克 男 修身 潮 韩版休闲外套 立领 男士 jacket 衫 大码 男装 ,http://img01.taobaocdn.com/bao/uploaded/i3/TB1lBNmGpXXXXXhXpXXXXXXXXXX_!!0-item_pic.jpg,1-6,b111,s180
46,昆蒂娜   2014 欧美 早秋 新款 套装 毛衣 衬衫 铅笔裤 秋季 三 件套 女装 6020 ,http://img01.taobaocdn.com/bao/uploaded/i2/TB1zjXXGXXXXXbWaXXXXXXXXXXX_!!0-item_pic.jpg,2-11,b112,s181
536,针织开衫 外套 女 毛衣 大码 韩版 2014 新款 秋装女装 针织衫 女 开衫外套 ,http://img01.taobaocdn.com/bao/uploaded/i1/TB1mbJ3FVXXXXblXFXXXXXXXXXX_!!0-item_pic.jpg,2-5,b113,s182
560,加绒 加厚 高腰 外 穿 打底裤 2014 新 女装 显 瘦 大码 秋冬 棉裤 秋款 小脚 长裤 ,http://img01.taobaocdn.com/bao/uploaded/i4/12809030247596879/T1dNwNFkhcXXXXXXXX_!!0-item_pic.jpg,2-3,b114,s183
57,2014 秋装外套 女装 新款针织衫 女 开衫 中长款 春秋 韩版 宽松 大码毛衣 厚 ,http://img01.taobaocdn.com/bao/uploaded/i4/TB11XGTFVXXXXcuXVXXXXXXXXXX_!!0-item_pic.jpg,2-5,null,s184
242,3968 区 男装   修身 t 男 短袖   纯色 紧身   男t恤   韩版打底衫 圆领 运动衣服 ,http://img01.taobaocdn.com/bao/uploaded/i4/TB1QbtwFVXXXXaNXVXXXXXXXXXX_!!0-item_pic.jpg,1-7,b115,s185
152,秋装连衣裙 修身 长袖 大码女装 秋冬季 打底裙 秋季 打底衫 冬 裙子 雅 羊 人 ,http://img01.taobaocdn.com/bao/uploaded/i2/TB10VCRGXXXXXc0XVXXXXXXXXXX_!!0-item_pic.jpg,2-10,b13,s20
230,manBaby   秋冬 显 瘦 纯棉 针织长袖裙 长裙   包臀 修身 打底裙 连衣裙   长款 ,http://img01.taobaocdn.com/bao/uploaded/i1/TB13mP9FVXXXXc9XFXXXXXXXXXX_!!0-item_pic.jpg,2-10,b116,s186
68,热卖 长袖牛仔衬衫   14 新款 春 夏装 韩版 时尚 男装 外套 修身 青少年 衬衣 ,http://img01.taobaocdn.com/bao/uploaded/i3/T1JqaOFxRgXXXXXXXX_!!0-item_pic.jpg,1-9,b9,s187
55,杰克丝 盾 男士 长袖t恤 男 韩版 衣服 男装 加肥 加大码 V领 打底衫 男 ! 男t恤 ,http://img01.taobaocdn.com/bao/uploaded/i4/TB1pWfoFVXXXXc0XpXXXXXXXXXX_!!0-item_pic.jpg,1-7,b117,s188
22,BRIOSO 2014 秋装 新款 纯棉衬衫 女 长袖格子衬衣 修身 韩版 大码女装 上衣 ,http://img01.taobaocdn.com/bao/uploaded/i4/T1RJS3FThaXXXXXXXX_!!0-item_pic.jpg,2-9,b118,s189
161,玛兰西卡 2014 秋装 纯棉 休闲 水洗 印花 男 长袖格子衬衫 男士衬衣 户外装 ,http://img01.taobaocdn.com/bao/uploaded/i4/TB13prJFVXXXXbVXpXXXXXXXXXX_!!0-item_pic.jpg,1-9,b51,s190
508,秋冬 外 穿 加绒 加厚打底裤 女式 显 瘦 弹力 大码 九 分 连 袜 踩脚 拉绒 裤子 女 ,http://img01.taobaocdn.com/bao/uploaded/i2/TB1BqaJGpXXXXccXXXXXXXXXXXX_!!0-item_pic.jpg,2-3,b119,s191
461,2014 秋装 新款 大码女装 韩版 夏装 秋款 中袖雪纺连衣裙 胖 mm 显 瘦 女 秋季 ,http://img01.taobaocdn.com/bao/uploaded/i1/T1FcfhFIlbXXXXXXXX_!!0-item_pic.jpg,2-10,null,s192
425,韩版 中腰 直筒 修身   男士牛仔裤   纯棉长裤   大码 裤子   加绒 冬款     nzk ,http://img01.taobaocdn.com/bao/uploaded/i2/TB1.BaVFVXXXXaVXFXXXXXXXXXX_!!0-item_pic.jpg,1-4,b120,s193
463,2014 新款 加绒 加厚 女士 高腰 外 穿 打底裤 秋冬款 大码 韩版 显 瘦 踩脚裤袜 ,http://img01.taobaocdn.com/bao/uploaded/i2/TB1m5zxGXXXXXaSXVXXXXXXXXXX_!!0-item_pic.jpg,2-3,b121,s194
65,纯黑色 小脚裤   弹力 小脚 铅笔裤 休闲长裤 薄 春夏女装 显 瘦 打底裤 外 穿 ,http://img01.taobaocdn.com/bao/uploaded/i3/TB1RDhfGXXXXXbaXFXXXXXXXXXX_!!0-item_pic.jpg,2-3,null,s195
66,秋冬季 韩版 高腰 修身 弹力 加厚 加绒 黑色 小脚 铅笔裤 牛仔裤 长 裤子 女 潮 ,http://img01.taobaocdn.com/bao/uploaded/i1/TB1vaICGXXXXXcrXpXXXXXXXXXX_!!0-item_pic.jpg,2-4,null,s196
300,2014 秋装 新款 韩版 彩色 糖果色铅笔裤 白色 弹力牛仔裤 女 小脚裤 长 裤子 ,http://img01.taobaocdn.com/bao/uploaded/i4/TB1TLpsFVXXXXXkapXXXXXXXXXX_!!0-item_pic.jpg,2-4,null,s197
293,秋装 新款 韩国 女士 秋季外套 头 大码 卫衣 女装 春秋 冬 韩版 学生 加绒 连帽 ,http://img01.taobaocdn.com/bao/uploaded/i1/TB1C6aJGXXXXXaiaXXXXXXXXXXX_!!0-item_pic.jpg,2-17,null,s198
106,王子盾   2014 春秋 新品 男士外套 休闲 薄款夹克   男 修身男装 连帽外套 潮 ,http://img01.taobaocdn.com/bao/uploaded/i2/TB1PHVrGFXXXXbzXXXXXXXXXXXX_!!0-item_pic.jpg,1-6,b122,s199
30,2014 秋冬新款 显 瘦 宽松   中长款 针织开衫     毛衣   外套 针织衫 ,http://img01.taobaocdn.com/bao/uploaded/i4/TB1jnwnFVXXXXXLXVXXXXXXXXXX_!!0-item_pic.jpg,2-5,null,s81
107,2014 早秋 新款 女装 修身 长袖秋装 连衣裙   风衣 休闲套装 秋季 套装裙 ,http://img01.taobaocdn.com/bao/uploaded/i4/15437028253241873/T1VqTaFcxcXXXXXXXX_!!0-item_pic.jpg,2-10,null,s200
111,2014 秋冬新款 女装 女士 外 穿 打底裤 加厚 纯色 显 瘦 长 裤子 九 分 纯棉 大码 ,http://img01.taobaocdn.com/bao/uploaded/i3/TB1sYVoGXXXXXcUXXXXXXXXXXXX_!!0-item_pic.jpg,2-3,b123,s201
297,2014 春秋装 新款针织衫 外 搭 毛衣 女 韩 范 开衫 长袖 短款 潮 女装外套 厚 ,http://img01.taobaocdn.com/bao/uploaded/i2/TB1ZcGYFVXXXXb4XXXXXXXXXXXX_!!0-item_pic.jpg,2-5,null,s202
38,2014 秋装 早秋 新款 套装 女装 韩版 时尚 大码 修身 长袖 女 两件套连衣裙 ,http://img01.taobaocdn.com/bao/uploaded/i1/TB1mmHYGpXXXXXbXpXXXXXXXXXX_!!0-item_pic.jpg,2-10,b4,s203
363,2014 糖果色 外 穿 打底裤 九分裤 薄款 秋冬 小脚裤 弹力铅笔裤 长裤 女 ,http://img01.taobaocdn.com/bao/uploaded/i4/TB19f1bFVXXXXbIXFXXXXXXXXXX_!!0-item_pic.jpg,2-3,null,s204
494,大码 小衫 女 秋衣 外 穿 长款 包臀打底衫 女 秋季 韩版 潮 女装上衣 长袖t恤 ,http://img01.taobaocdn.com/bao/uploaded/i4/TB1P_q_FVXXXXbIXpXXXXXXXXXX_!!0-item_pic.jpg,2-7,null,s205
378,包邮 秋装 韩版 百搭 莫代尔 小吊带 背心 性感抹胸 纯棉 女式打底衫 背心 女 ,http://img01.taobaocdn.com/bao/uploaded/i4/TB1saoWFFXXXXX4XXXXXXXXXXXX_!!0-item_pic.jpg,2-19,null,s206
419,秋冬款打底裤 外 穿 秋 2014 新 纯棉 加厚 加绒打底裤 女 莫代尔 显 瘦 小脚裤 ,http://img01.taobaocdn.com/bao/uploaded/i3/TB1KkZdGXXXXXb9XXXXXXXXXXXX_!!0-item_pic.jpg,2-3,null,s207
209,秋装 厚 棉麻 男裤 韩版 修身 男士休闲裤 直筒 男 裤子 小脚 男装长裤 大码 潮 ,http://img01.taobaocdn.com/bao/uploaded/i4/TB1v6PaFVXXXXbLaXXXXXXXXXXX_!!0-item_pic.jpg,1-2,b124,s208
153,简 木 男装   2014 秋装 新款休闲裤 男   男士 修身 小 直筒裤   欧美 男裤   长裤 ,http://img01.taobaocdn.com/bao/uploaded/i2/TB1meJbFVXXXXXRXFXXXXXXXXXX_!!0-item_pic.jpg,1-2,b125,s209
54,夏季 仿牛仔裤 打底裤 薄 九分裤 大码 外 穿 打底裤 紧身 长裤 女 大码打底裤 ,http://img01.taobaocdn.com/bao/uploaded/i3/TB1AmzwGXXXXXcmXpXXXXXXXXXX_!!0-item_pic.jpg,2-3,null,s210
154,2014 秋 东 新款 韩版 大码女装 上衣 纯棉t恤 白色 修身 加绒 打底衫 女 长袖 ,http://img01.taobaocdn.com/bao/uploaded/i4/TB1LH8cGFXXXXXCXpXXXXXXXXXX_!!0-item_pic.jpg,2-7,null,s89
137,秋季 男士夹克 外套 男装 休闲 薄 2014 春秋装 新款 韩版 修身 青年 jacket 潮 ,http://img01.taobaocdn.com/bao/uploaded/i4/TB1ETBcFVXXXXbvXFXXXXXXXXXX_!!0-item_pic.jpg,1-6,b126,s211
86,特 贝 凡 西 秋装 新款 修身 男士休闲裤 男装 小脚 男 裤子 韩版直筒长裤 男 潮 ,http://img01.taobaocdn.com/bao/uploaded/i2/TB1UQ4nGFXXXXbLXVXXXXXXXXXX_!!0-item_pic.jpg,1-2,b27,s44
132,春秋装 新款 韩版毛衣 2014 针织外套 短款针织衫 女 开衫 薄 防晒 空调 衫 ,http://img01.taobaocdn.com/bao/uploaded/i3/TB13CnGFVXXXXXaXFXXXXXXXXXX_!!0-item_pic.jpg,2-5,b127,s212
430,E 3054 - 2014 新款 秋款 女裤 韩版 修身 显 瘦 哈伦 裤 休闲裤 长裤 小脚 裤子 潮 ,http://img01.taobaocdn.com/bao/uploaded/i1/TB1rAKqGXXXXXXMXXXXXXXXXXXX_!!0-item_pic.jpg,2-2,null,s213
338,9.9 包邮 男士短袖T恤 2014 新款 韩版 修身 林 弯 弯 夏季 潮牌 衣服 半袖 男装 ,http://img01.taobaocdn.com/bao/uploaded/i3/T1lmpAFO8cXXXXXXXX_!!0-item_pic.jpg,1-7,b9,s214
505,2014 秋装 新款 女装 显 瘦 小脚 打底裤 休闲裤 糖果色铅笔 裤子 女裤 长裤 潮 ,http://img01.taobaocdn.com/bao/uploaded/i2/TB1JHvKGXXXXXXjXXXXXXXXXXXX_!!0-item_pic.jpg,2-2,b128,s215
401,欧比森 冬款 纯色 长袖 保暖 白 衬衫 男士 商务 休闲 加绒 加厚 职业 工装衬衣 ,http://img01.taobaocdn.com/bao/uploaded/i4/TB1kRuwGpXXXXbKXXXXXXXXXXXX_!!0-item_pic.jpg,1-9,b61,s102
295,路口 2014 秋季 新款   休闲 宽松 哈伦 牛仔裤   女 小脚 弹力长裤 ,http://img01.taobaocdn.com/bao/uploaded/i2/TB1UttbGXXXXXauaXXXXXXXXXXX_!!0-item_pic.jpg,2-4,b129,s216
62,2014 秋装 新款 青少年 男士 长袖t恤衫 韩版 潮 圆领 修身 打底 T  衣服 男装 ,http://img01.taobaocdn.com/bao/uploaded/i4/TB1kv9HGpXXXXbpXXXXXXXXXXXX_!!0-item_pic.jpg,1-7,b9,s217
215,秋款打底裤 外 穿 2014 新 纯棉 莫代尔 加绒 秋冬季 大码 显 瘦 小脚 长裤 加厚 ,http://img01.taobaocdn.com/bao/uploaded/i2/TB1nSqEGpXXXXa4XXXXXXXXXXXX_!!0-item_pic.jpg,2-3,b130,s218
507,2014 新 秋冬款 加厚 加绒打底裤 外 穿 女士 显 瘦 七彩 棉裤 小脚裤 铅笔 裤子 ,http://img01.taobaocdn.com/bao/uploaded/i2/T1lGwBFbVcXXXXXXXX_!!0-item_pic.jpg,2-3,b131,s219
16,越 度 龙 2014 春秋装 新款 纯白色 长袖衬衫 男士 韩版 休闲 修身长袖衬衣 潮 ,http://img01.taobaocdn.com/bao/uploaded/i2/T1Boz3FK8XXXXXXXXX_!!1-item_pic.gif,1-9,b132,s220
534,2014 新款 女士 大码 秋冬 外 穿 打底裤 弹力小脚裤 长 裤子 加绒 加厚打底裤 ,http://img01.taobaocdn.com/bao/uploaded/i2/TB15nlsGpXXXXbnXXXXXXXXXXXX_!!0-item_pic.jpg,2-3,b133,s221
386,女士 加绒打底裤 外 穿 秋 2014 新 秋冬款 保暖裤 黑色 七彩 棉 小脚裤 连裤袜 ,http://img01.taobaocdn.com/bao/uploaded/i1/TB1zEUgGpXXXXaEXVXXXXXXXXXX_!!0-item_pic.jpg,2-3,b134,s222
515,Afs   Jeep 战地 吉普 羽绒服 男装 冬 新款 修身 加厚 短款 男士羽绒服 外套 潮 ,http://img01.taobaocdn.com/bao/uploaded/i2/TB1X86GGXXXXXX1XXXXXXXXXXXX_!!0-item_pic.jpg,1-25,b135,s223
315,2014 秋冬季 装 新款 大码女装 潮 上衣 韩版 修身 中长款 打底衫 女 长袖t恤 ,http://img01.taobaocdn.com/bao/uploaded/i4/TB1WdAeGXXXXXcfXpXXXXXXXXXX_!!0-item_pic.jpg,2-7,null,s148
141,糖果色铅笔裤 女裤 秋季 显 瘦 修身小脚裤 弹力 牛仔 韩版 彩色 休闲 长 裤子 ,http://img01.taobaocdn.com/bao/uploaded/i2/TB1DkpoFVXXXXb_XFXXXXXXXXXX_!!0-item_pic.jpg,2-2,b136,s224
468,优 臣 品 2014 新 秋款打底裤   外 穿 薄款打底裤   女士打底裤 秋 九 分 长 裤子 ,http://img01.taobaocdn.com/bao/uploaded/i1/TB1nJq6GXXXXXc9XXXXXXXXXXXX_!!0-item_pic.jpg,2-3,b137,s225
328,2014 新款 秋冬女装 修身 显 瘦 韩版 呢子 裙 长袖 两件套 加厚 毛呢连衣裙 子 ,http://img01.taobaocdn.com/bao/uploaded/i3/TB1D7lcGXXXXXX5XXXXXXXXXXXX_!!2-item_pic.png,2-10,null,s226
83,2014 早秋 新款 欧 货 时尚 潮 金丝 卫衣 天鹅绒 运动休闲服 春秋季 套装 女士 ,http://img01.taobaocdn.com/bao/uploaded/i4/T1JtFwFytjXXXXXXXX_!!0-item_pic.jpg,2-15,b138,s227
123,春 夏装 仿牛仔打底裤 铅笔裤 九分裤 高弹力 紧身小脚裤 薄款 裤子 女 外 穿 ,http://img01.taobaocdn.com/bao/uploaded/i2/T14bcGFtXiXXXXXXXX_!!0-item_pic.jpg,2-3,null,s228
523,莱玛杰斯 男装 秋冬 加绒 加厚牛仔裤 男士 休闲 牛仔 长 裤子 男 直筒 韩版 潮 ,http://img01.taobaocdn.com/bao/uploaded/i1/TB1biZ3FFXXXXc8XpXXXXXXXXXX_!!0-item_pic.jpg,1-4,b139,s229
310,USIGSX 秋季 新款 男士牛仔裤   男 修身 直筒 韩版 潮   休闲男装 大码 长 裤子 ,http://img01.taobaocdn.com/bao/uploaded/i1/TB1p_xFGXXXXXb9XVXXXXXXXXXX_!!0-item_pic.jpg,1-4,b140,s230
9,逸阳 女裤 2014 秋款 大码女装 女士牛仔裤   女   小脚裤 显 瘦 长 裤子 0680 X ,http://img01.taobaocdn.com/bao/uploaded/i2/TB1.sOgFVXXXXbhaXXXXXXXXXXX_!!0-item_pic.jpg,2-4,b141,s231
555,包邮 2014 秋装 新款 女士 白 衬衫 韩版 大码 长款 宽松 休闲 棉麻 长袖衬衣 女 ,http://img01.taobaocdn.com/bao/uploaded/i3/T1LS8zFxRlXXXXXXXX_!!0-item_pic.jpg,2-9,b142,s232
294,2014 秋装   新款 女装 韩版 甜美 网纱刺绣 灯笼袖 长袖 打底连衣裙   加大码 ,http://img01.taobaocdn.com/bao/uploaded/i1/TB1HR8sGXXXXXc4aXXXXXXXXXXX_!!0-item_pic.jpg,2-10,null,s233
407,R - t580   韩版 2014 新款 秋装女装 连帽 糖果色 蝙蝠 袖套 头 针织衫 H - 14 ,http://img01.taobaocdn.com/bao/uploaded/i1/TB1yHnzGpXXXXalXpXXXXXXXXXX_!!0-item_pic.jpg,2-5,null,s234
243,满 速 秋季 男士衬衫 白 男 长袖衬衣 商务 休闲 免烫 正装 男 修身 韩版 男装 潮 ,http://img01.taobaocdn.com/bao/uploaded/i4/TB1r.2HGXXXXXbEXXXXXXXXXXXX_!!0-item_pic.jpg,1-9,b143,s235
402,9.9 包邮 女装 秋季长袖T恤 新款 韩版 纯棉打底衫 中学生 短袖t恤 小衫 潮 ,http://img01.taobaocdn.com/bao/uploaded/i3/TB16AR9GXXXXXbTXpXXXXXXXXXX_!!0-item_pic.jpg,2-7,null,s236
421,2014 秋装 新款外套 韩版 中长款 圆领 简约 宽松 针织毛衣 开衫 秋冬装   女 ,http://img01.taobaocdn.com/bao/uploaded/i4/TB1vA7rFVXXXXX1XXXXXXXXXXXX_!!0-item_pic.jpg,2-11,b144,s237
292,2014 秋冬新款 大码女装 长袖t恤 女款 加绒 中长款 打底衫 韩版 宽松上衣 ,http://img01.taobaocdn.com/bao/uploaded/i4/TB1hbYJFVXXXXa3XFXXXXXXXXXX_!!0-item_pic.jpg,2-7,b145,s238
465,包邮   打底裤 安全裤 防 走光 冰丝 三 分   女   夏季 薄款 蕾丝边 大码 保险 裤 ,http://img01.taobaocdn.com/bao/uploaded/i3/T1z6ZEFsXaXXXXXXXX_!!0-item_pic.jpg,2-3,null,s239
553,卡朗尼 2014 秋装 新款 男士 格子衬衫   男 长袖 休闲 磨毛 情侣衬衣 韩版 潮 ,http://img01.taobaocdn.com/bao/uploaded/i1/TB1R45DFVXXXXc3XVXXXXXXXXXX_!!0-item_pic.jpg,1-9,b146,s240
234,2014 秋冬 韩版 加绒 青少年 牛仔裤 男生 潮 男装 弹力 修身 男士 小脚裤 长裤 ,http://img01.taobaocdn.com/bao/uploaded/i1/TB1.XlTFVXXXXcmXXXXXXXXXXXX_!!0-item_pic.jpg,1-4,b147,s241
190,2014 大码女装 两 件 外 早秋 新款 套装 气质 韩版 长袖 背心 秋装连衣裙 显 瘦 ,http://img01.taobaocdn.com/bao/uploaded/i2/TB1_l9dGXXXXXcfXVXXXXXXXXXX_!!0-item_pic.jpg,2-10,b4,s242
31,2014 春秋季 女装 新款时尚 气质 显 瘦 收腰 职业 长袖连衣裙 子 小外套 韩版 ,http://img01.taobaocdn.com/bao/uploaded/i4/TB1eyqwGXXXXXXfXpXXXXXXXXXX_!!0-item_pic.jpg,2-10,b4,s243
32,圣 贝琪 雪纺 长袖 大码女装 雪纺衫 女 长袖蕾丝衫 秋季 蕾丝打底衫 女 上衣 ,http://img01.taobaocdn.com/bao/uploaded/i1/TB1rkASGXXXXXXoXXXXXXXXXXXX_!!0-item_pic.jpg,2-12,null,s244
335,远东   秋装 男士 长袖衬衫 韩版 休闲衬衣 男 长袖格子衬衫 男 长袖 潮 男装 ,http://img01.taobaocdn.com/bao/uploaded/i1/T1fIWGFvRgXXXXXXXX_!!0-item_pic.jpg,1-9,b148,s245
271,秋季 深色牛仔裤 男 直筒 修身 大码 休闲 男士牛仔裤 韩版 长 裤子 男装 宽松 ,http://img01.taobaocdn.com/bao/uploaded/i4/T1ARgeFyVXXXXXXXXX_!!0-item_pic.jpg,1-4,b75,s246
159,29.9 元 优 鲨 秋款 男士保暖衬衫 磨毛 长袖衬衫 男装 休闲格子衬衣 大码 潮 ,http://img01.taobaocdn.com/bao/uploaded/i4/TB19qh8GXXXXXbUXFXXXXXXXXXX_!!0-item_pic.jpg,1-9,b149,s247
307,19 包邮 秋 外 穿 夏 打底裤 显 瘦高 弹力 女士紧身裤 铅笔裤 9.9 小脚 黑色 裤 ,http://img01.taobaocdn.com/bao/uploaded/i2/TB1NNqVGXXXXXXhXXXXXXXXXXXX_!!0-item_pic.jpg,2-3,b150,s248
70,2014 秋装 新款 女装 糖果 彩色 小脚 铅笔裤 韩版 显 瘦 修身 休闲 长 裤子 女裤 ,http://img01.taobaocdn.com/bao/uploaded/i3/TB1XXttGXXXXXX0XVXXXXXXXXXX_!!0-item_pic.jpg,2-2,b151,s249
498,麻豆 中长款 牛仔衬衫 女 长袖   2014 秋装 bf 风 衬衣 外套   韩版 宽松 寸 衫 G8 ,http://img01.taobaocdn.com/bao/uploaded/i4/T1EaJqFKhcXXXXXXXX_!!0-item_pic.jpg,2-9,null,s250
287,早秋 不规则 下摆 一字领 短款 披肩式 针织 T + 弹力 波浪 半身短裙 两件套装 ,http://img01.taobaocdn.com/bao/uploaded/i1/TB1L.U9FVXXXXXjXVXXXXXXXXXX_!!0-item_pic.jpg,2-22,null,s251
420,包邮 2014 春季 新款 韩版 包扣 卷边 针织衫 女 开衫 长袖 V领 短款开衫 外套 ,http://img01.taobaocdn.com/bao/uploaded/i3/T1bRpzFxFXXXXXXXXX_!!0-item_pic.jpg,2-5,null,s252
71,2014 秋款 男士卫衣 外套 青少年 春秋 连帽 韩版开衫 学生 衣服 卫衣   男   潮 ,http://img01.taobaocdn.com/bao/uploaded/i2/TB1_RDgFVXXXXbaXXXXXXXXXXXX_!!0-item_pic.jpg,1-16,b152,s253
359,2014 秋季 新款 蕾丝 钩花 打底裤 女   韩版 弹力 显 瘦 小脚裤 外 穿 打底裤 潮 ,http://img01.taobaocdn.com/bao/uploaded/i1/T1yl1.FzBaXXXXXXXX_!!0-item_pic.jpg,2-3,b153,s254
79,玛兰西卡   秋装 纯棉 灯芯绒 保暖衬衫   男   长袖 休闲 拼接 男士 修身衬衣 ,http://img01.taobaocdn.com/bao/uploaded/i2/TB1YMF4GXXXXXXwaXXXXXXXXXXX_!!0-item_pic.jpg,1-9,b51,s82
355,AFRS 大码女装 哈伦 裤 女 2014 秋装 新款 韩版 潮 休闲长裤 显 瘦 小脚 女 裤子 ,http://img01.taobaocdn.com/bao/uploaded/i1/TB1OlbbFVXXXXalXXXXXXXXXXXX_!!0-item_pic.jpg,2-2,b154,s255
288,秋冬季 2014 女装 休闲 早秋 新款 套装 大码女装 针织毛衣 长袖秋装 连衣裙 ,http://img01.taobaocdn.com/bao/uploaded/i3/17766026995929023/T1fdOuFc8XXXXXXXXX_!!0-item_pic.jpg,2-10,null,s256
151,仙 莎 小 黑裙 赫本 2014 新款连衣裙 修身 显 瘦 韩版 收腰 小 香 风 小黑 连衣裙 ,http://img01.taobaocdn.com/bao/uploaded/i3/TB1YNJiGpXXXXc2XXXXXXXXXXXX_!!0-item_pic.jpg,2-10,b155,s257
175,MJX 2014 秋季 新款 男士 格子衬衫   男   长袖 休闲 磨毛 情侣衬衣 男装 修身 ,http://img01.taobaocdn.com/bao/uploaded/i3/T1SoemFztiXXXXXXXX_!!0-item_pic.jpg,1-9,b156,s258
49,加厚 加绒 V领 打底衫 2014 秋冬新款 大码女装 韩版 修身长袖T恤 蕾丝 纯棉 ,http://img01.taobaocdn.com/bao/uploaded/i1/TB12UHcFVXXXXcMXXXXXXXXXXXX_!!0-item_pic.jpg,2-7,null,s259
376,加 洲 虎 2014 秋季 新款衬衫 男 长袖 修身 磨毛 休闲 时尚 格子 男士保暖衬衫 ,http://img01.taobaocdn.com/bao/uploaded/i2/TB1.eCOGXXXXXbsXVXXXXXXXXXX_!!0-item_pic.jpg,1-9,b157,s260
275,春秋装 男士衬衫 外套 男式 纯棉衬衣 男 修身 格子 精纺 寸 衬衫 男 长袖 大码 ,http://img01.taobaocdn.com/bao/uploaded/i1/TB1920XGXXXXXaCXXXXXXXXXXXX_!!0-item_pic.jpg,1-9,b158,s261
157,艾米 恋 女士吊带背心 新款   糖果色 U 领 修身吊带衫   大码 打底 工字背心 ,http://img01.taobaocdn.com/bao/uploaded/i4/TB15PHfFVXXXXbXXVXXXXXXXXXX_!!0-item_pic.jpg,2-19,b159,s262
449,秋冬 韩版 假两件 外 穿 棉 打底 裤裙 冬 包臀 百褶 拉链 显 瘦 大码 裙 裤子 女 ,http://img01.taobaocdn.com/bao/uploaded/i3/TB1Z1ZJFVXXXXbxaXXXXXXXXXXX_!!0-item_pic.jpg,2-3,b160,s263
100,男士 圆领短袖t恤衫 休闲 韩版 潮 男装 印花 棉T恤衫 文化衫 字母 打底衫 ,http://img01.taobaocdn.com/bao/uploaded/i1/TB1.aAZFFXXXXbDXXXXXXXXXXXX_!!0-item_pic.jpg,1-7,b161,s264
194,欧洲站 2014 早秋 新款 套装 大码 女 时尚 气质 休闲套装 长袖 秋季套装   潮 ,http://img01.taobaocdn.com/bao/uploaded/i4/TB1BjXSGXXXXXb9XpXXXXXXXXXX_!!0-item_pic.jpg,2-15,null,s265
381,女士打底裤 2014 秋冬新款 大码女装 显 瘦 外 穿 打底裤 长裤 加厚 小脚 裤子 ,http://img01.taobaocdn.com/bao/uploaded/i4/TB1X7ykGpXXXXc0XXXXXXXXXXXX_!!0-item_pic.jpg,2-3,b162,s266
255,2014 秋冬款 加绒 加厚 外 穿 打底裤 女士 大码女装 高腰 显 瘦 九 分 小脚 长裤 ,http://img01.taobaocdn.com/bao/uploaded/i1/TB16sWpGpXXXXbzXpXXXXXXXXXX_!!0-item_pic.jpg,2-3,b163,s267
284,2014 秋季 新款 韩版 弹力牛仔裤 显 瘦 长裤 大码女装 糖果色铅笔 小脚 裤子 ,http://img01.taobaocdn.com/bao/uploaded/i4/TB1STTHFVXXXXayXFXXXXXXXXXX_!!0-item_pic.jpg,2-4,b164,s268
530,2014 秋季 新款 纯棉 HM 莫代尔 女 修身 黑色打底衫   弹力 显 瘦 长袖t恤 包邮 ,http://img01.taobaocdn.com/bao/uploaded/i1/TB1yeLyFFXXXXaDXFXXXXXXXXXX_!!0-item_pic.jpg,2-7,b165,s269
78,欧洲站 2014 韩版 女装 新款 中袖上衣 宽松 大码 t 条纹T恤 女式秋装 打底衫 ,http://img01.taobaocdn.com/bao/uploaded/i3/T1ECHSFutlXXXXXXXX_!!0-item_pic.jpg,2-7,null,s270
118,Kuziman 秋装 男裤 修身休闲裤 男士 直筒休闲长裤 小脚裤 潮 青少年 裤子 ,http://img01.taobaocdn.com/bao/uploaded/i1/TB1SoIZGXXXXXbxXpXXXXXXXXXX_!!0-item_pic.jpg,1-2,b166,s271
92,2014 春秋 新款 破洞 大码 中长款 牛仔外套 女 韩版 长袖 宽松 潮 款 牛仔上衣 ,http://img01.taobaocdn.com/bao/uploaded/i4/TB16091GXXXXXbQXVXXXXXXXXXX_!!0-item_pic.jpg,2-14,null,s272
318,短款 露脐背心 女   修身 小 内搭 抹胸   瑜伽 运动背心 夏莫代尔 打底 吊带衫 ,http://img01.taobaocdn.com/bao/uploaded/i3/TB1mqGWFVXXXXXAXFXXXXXXXXXX_!!0-item_pic.jpg,2-19,null,s273
40,和 家 缘 中老年女装 秋装外套 妈妈 秋装外套 40 - 50 岁 中年女装 长袖外套 ,http://img01.taobaocdn.com/bao/uploaded/i3/TB1cwm4GXXXXXbuXFXXXXXXXXXX_!!0-item_pic.jpg,2-13,b167,s274
473,2014 新 秋季 高腰 外 穿 打底裤 女 薄款 显 瘦 弹力 九 分 长裤 铅笔小脚裤 大码 ,http://img01.taobaocdn.com/bao/uploaded/i1/TB1MT9rFVXXXXbtXVXXXXXXXXXX_!!0-item_pic.jpg,2-3,b168,s275
11,秋款打底裤 外 穿 冬 2014 新 侧边 竖条纹 加绒 加厚 显 瘦 运动裤 女 小脚 长裤 ,http://img01.taobaocdn.com/bao/uploaded/i2/T1eDpiFPhaXXXXXXXX_!!0-item_pic.jpg,2-3,b169,s276
353,2014 新款 大码女装 外 穿 长裤 女士 秋款 高腰 保暖 小脚裤 加厚 加绒打底裤 ,http://img01.taobaocdn.com/bao/uploaded/i4/TB1ydu8GpXXXXbEXXXXXXXXXXXX_!!0-item_pic.jpg,2-3,null,s277
21,春秋装 新款 薄款 连帽外套 男装 秋季 青少年 修身 韩版 男版 薄款 夹克衫 潮 ,http://img01.taobaocdn.com/bao/uploaded/i2/TB1sio4GpXXXXaHXpXXXXXXXXXX_!!0-item_pic.jpg,1-6,b9,s278
394,舒雅 秋装 新款 2014 女装 韩版 简约 圆领 宽松 中长款 针织衫 开衫毛衣外套 ,http://img01.taobaocdn.com/bao/uploaded/i4/TB185r2GXXXXXbzXXXXXXXXXXXX_!!0-item_pic.jpg,2-5,b170,s279
327,慕 尚 名媛 秋装 新款 2014 & amp ; 韩版针织衫 外套   毛衣 开衫   宽松 斗篷 披肩 女 ,http://img01.taobaocdn.com/bao/uploaded/i1/T1vpOOFqxgXXXXXXXX_!!0-item_pic.jpg,2-5,b171,s280
133,2014 新 秋装牛仔裤 女 长裤 韩版 潮 修身 弹力 显 瘦 女士 铅笔小脚裤 女 紧身 ,http://img01.taobaocdn.com/bao/uploaded/i3/TB1j2NHFVXXXXXMXVXXXXXXXXXX_!!0-item_pic.jpg,2-4,b172,s281
130,2014 春装 新款 韩版 女式上衣 雪纺衫 长袖 蕾丝打底衫 修身 网纱 小衫 T恤 ,http://img01.taobaocdn.com/bao/uploaded/i1/T14j7mFqJeXXXXXXXX_!!0-item_pic.jpg,2-12,b173,s282
52,2014 秋装新款连衣裙   韩版 秋冬 长袖针织毛衣 假两件 碎花连衣裙 女装 ,http://img01.taobaocdn.com/bao/uploaded/i2/T1645qFE0cXXXXXXXX_!!0-item_pic.jpg,2-10,null,s283
160,衣 百诺 2014 早秋 新款 大码 金丝 天鹅绒 运动休闲服 套装 卫衣 女 春秋季 ,http://img01.taobaocdn.com/bao/uploaded/i4/TB1Lpz0FVXXXXXFXVXXXXXXXXXX_!!0-item_pic.jpg,2-15,b174,s284
64,玖 戈斯 男装 秋冬装 男士 长袖t恤   休闲 拼接t恤 韩版 修身 男 时尚 打底衫 ,http://img01.taobaocdn.com/bao/uploaded/i3/TB1ZTMlGpXXXXcuXVXXXXXXXXXX_!!0-item_pic.jpg,1-7,b175,s285
120,冬季 大码 踩脚 女士 加绒 加厚 外 穿 打底 裤袜 秋冬款 春秋款 9.9 保暖长裤 ,http://img01.taobaocdn.com/bao/uploaded/i1/TB1PD0TGXXXXXXkXVXXXXXXXXXX_!!0-item_pic.jpg,2-3,b176,s286
115,高腰 加绒 加厚 女士打底裤 外 穿 秋 2014 新 秋冬款 紧身 冬季女裤 长 保暖裤 ,http://img01.taobaocdn.com/bao/uploaded/i3/TB1WF77FVXXXXavXVXXXXXXXXXX_!!0-item_pic.jpg,2-3,b177,s287
44,特 贝 凡 西   男装 秋冬装 男士 长袖t恤   韩版 修身 加厚 V领 打底衫 纯色 衣服 ,http://img01.taobaocdn.com/bao/uploaded/i3/12867030382408967/T1cv51FXddXXXXXXXX_!!0-item_pic.jpg,1-7,b27,s44
549,2014 秋 女装 新款 韩版 彩色 糖果色铅笔裤 白色 弹力 牛仔 女 小脚 裤子 大码 ,http://img01.taobaocdn.com/bao/uploaded/i2/TB1vJD4FVXXXXcrXXXXXXXXXXXX_!!0-item_pic.jpg,2-4,b123,s201
74,满 速   秋季 厚 款   男士 商务西裤 男 免烫 裤子   修身 休闲 韩版 西装裤 男装 ,http://img01.taobaocdn.com/bao/uploaded/i3/TB1Gp3tGpXXXXcdXFXXXXXXXXXX_!!0-item_pic.jpg,1-18,b143,s288
212,缪 佳 新款 显 瘦 紧身牛仔裤 女 小脚裤 韩版 潮 范 铅笔裤 长 裤子 大码女装 秋 ,http://img01.taobaocdn.com/bao/uploaded/i3/T1V0hHFP0lXXXXXXXX_!!0-item_pic.jpg,2-4,b178,s289
337,杰森迪亚 2014 新款 男装 夹克 修身 男士外套 韩版 潮 春秋季 大码 夹克衫 薄 ,http://img01.taobaocdn.com/bao/uploaded/i4/T1gylWFjRXXXXXXXXX_!!0-item_pic.jpg,1-6,b179,s290
143,宜 朵 2014 秋装 新款针织衫 毛衣 女 开衫 韩版 短款针织衫 开衫毛衣外套 女 ,http://img01.taobaocdn.com/bao/uploaded/i2/17767034204576209/T1B.V8XvhaXXXXXXXX_!!0-item_pic.jpg,2-5,b180,s291
522,满 速   初秋 厚 款   男士商务休闲裤   直筒 修身 长 裤子   纯棉 韩版 免烫男裤 ,http://img01.taobaocdn.com/bao/uploaded/i4/TB1zbj5GpXXXXaiXVXXXXXXXXXX_!!0-item_pic.jpg,1-2,b143,s235
268,秋季 新款 女装 修身 小吊带 内搭 性感 显 瘦 打底衫 外 穿 短款针织背心   女 ,http://img01.taobaocdn.com/bao/uploaded/i3/T1y7JaFMNeXXXXXXXX_!!0-item_pic.jpg,2-19,null,s292
4,2014 新款 秋冬 外 穿 仿皮 打底裤 小脚裤 韩版 显 瘦 皮裤 女 紧身 长裤 潮 大码 ,http://img01.taobaocdn.com/bao/uploaded/i1/TB15U_eFVXXXXcPXXXXXXXXXXXX_!!0-item_pic.jpg,2-3,b181,s293
177,包邮   2014 新款 大码女装 外 穿 长裤 女士 秋款 高腰 保暖 小脚裤 打底裤 ,http://img01.taobaocdn.com/bao/uploaded/i3/TB1.4QcGXXXXXbWXFXXXXXXXXXX_!!0-item_pic.jpg,2-3,b182,s294
436,2014 夏装 新款 翻领T恤 男装 半袖 纯棉polo衫 潮 男士短袖t恤 男 韩版 修身 ,http://img01.taobaocdn.com/bao/uploaded/i4/TB1ryglGpXXXXX2aXXXXXXXXXXX_!!0-item_pic.jpg,1-7,b183,s295
60,拼 马   秋冬装 男士保暖衬衫 长袖衬衣 加厚 加绒 休闲 商务 条纹衬衣 ,http://img01.taobaocdn.com/bao/uploaded/i3/TB1zTZLGXXXXXa6XFXXXXXXXXXX_!!0-item_pic.jpg,1-9,b184,s296
524,2014 早秋 新款 韩版 时尚运动服 休闲套装 女 春秋装 长袖 大码 卫衣 女装 潮 ,http://img01.taobaocdn.com/bao/uploaded/i1/TB1hhDiFVXXXXXZXXXXXXXXXXXX_!!0-item_pic.jpg,2-15,b185,s297
121,2014 新款 糖果色 高腰铅笔裤 女 小脚裤   白色 韩版 显 瘦 弹力 大码牛仔裤 ,http://img01.taobaocdn.com/bao/uploaded/i3/TB1gxiVGXXXXXaaXVXXXXXXXXXX_!!0-item_pic.jpg,2-4,b186,s298
33,加绒 加厚 2014 秋冬装 新款 长袖女款T恤 长款 蕾丝打底衫 上衣 女装 修身 ,http://img01.taobaocdn.com/bao/uploaded/i1/TB1lcLxGpXXXXbqXFXXXXXXXXXX_!!0-item_pic.jpg,2-7,null,s299
20,宸 海 春秋打底裤 外 穿 白色 高腰 裤子 小脚裤 女 薄款 九 分 铅笔裤 长裤 大码 ,http://img01.taobaocdn.com/bao/uploaded/i4/TB1fOMWGXXXXXchXFXXXXXXXXXX_!!0-item_pic.jpg,2-3,b187,s300
320,2014 秋装 新款 女装 大码 韩版 修身打底衫 女T恤 显 瘦 潮 上衣 吊带背心 ,http://img01.taobaocdn.com/bao/uploaded/i1/T1MIhHFKlaXXXXXXXX_!!0-item_pic.jpg,2-19,b188,s301
88,包邮   莫代尔 吊带背心   女   夏季 打底小衫   四季 内搭   平行 吊带 U 领 背心 ,http://img01.taobaocdn.com/bao/uploaded/i3/TB1SIC3FVXXXXcHXpXXXXXXXXXX_!!0-item_pic.jpg,2-19,null,s302
460,秋装 新款 韩版 女装上衣 雪纺衫 长袖 蕾丝打底衫 大码 修身 网纱 小衫 T恤 ,http://img01.taobaocdn.com/bao/uploaded/i2/TB1Bwh4FVXXXXXCXpXXXXXXXXXX_!!0-item_pic.jpg,2-7,null,s303
429,毛衣   女   针织开衫 外套 轻薄 春秋   2014 秋装 新款 大码 针织衫   女   开衫 ,http://img01.taobaocdn.com/bao/uploaded/i4/TB1WPAWFVXXXXcHXVXXXXXXXXXX_!!0-item_pic.jpg,2-5,b189,s304
408,特 贝 凡 西   2014 秋装 新款 男士 长袖t恤   男 T 韩版 修身打底衫 潮 男装 衣服 ,http://img01.taobaocdn.com/bao/uploaded/i2/12867030718150943/T1HiC5FmlXXXXXXXXX_!!0-item_pic.jpg,1-7,b27,s44
36,玛兰西卡   秋冬款 纯棉 加厚 磨毛 格子 男士 长袖衬衫   休闲 修身 保暖衬衣 ,http://img01.taobaocdn.com/bao/uploaded/i2/TB1vyhqGFXXXXc0XFXXXXXXXXXX_!!0-item_pic.jpg,1-9,b51,s305
479,秋冬季 七彩 棉 加厚 加绒打底裤 / 外 穿 高腰 棉裤 潮 女士 踩脚 保暖长裤 805 ,http://img01.taobaocdn.com/bao/uploaded/i3/TB1MXo2GXXXXXcHXpXXXXXXXXXX_!!0-item_pic.jpg,2-3,b190,s306
286,牛仔裤 男 直筒 秋冬款 韩版 修身男士牛仔裤 直筒 休闲 特价牛仔裤 男 包 邮 ,http://img01.taobaocdn.com/bao/uploaded/i1/T1L6OKXqBXXXXXXXXX_!!0-item_pic.jpg,1-4,b191,s307
220,2014 秋冬女装 大码 显 瘦 加厚 加绒 紧身铅笔裤 弹力 黑色 小脚 打底裤 外 穿 ,http://img01.taobaocdn.com/bao/uploaded/i2/TB1Bqk2GXXXXXaYXXXXXXXXXXXX_!!0-item_pic.jpg,2-3,b192,s308
395,大码 弹力 高腰 九分裤 黑色 显 瘦 小脚裤 春秋 外 穿 打底裤 女 秋季 薄 长 裤子 ,http://img01.taobaocdn.com/bao/uploaded/i2/TB1CCsnFVXXXXc2XFXXXXXXXXXX_!!0-item_pic.jpg,2-3,b193,s309
251,2014 春秋 新品 高腰牛仔裤 女 小脚裤 潮 韩版 弹力 显 瘦 长裤 排扣 铅笔裤 潮 ,http://img01.taobaocdn.com/bao/uploaded/i2/T11RyWFiVdXXXXXXXX_!!0-item_pic.jpg,2-4,null,s310
368,桃太郎 春秋 外 穿 打底裤 女 黑色 显 瘦 小脚裤 弹力 高腰 九分裤 大码 长 裤子 ,http://img01.taobaocdn.com/bao/uploaded/i3/TB1gDmUGpXXXXX9XVXXXXXXXXXX_!!0-item_pic.jpg,2-3,b194,s311
95,2014 夏季新款 韩版短裤 女 夏 显 瘦 女裤 修身热裤 休闲裤子 女士 大码女装 ,http://img01.taobaocdn.com/bao/uploaded/i4/T1vIxoFRlXXXXXXXXX_!!0-item_pic.jpg,2-2,b151,s249
156,2014 秋冬新款 加厚 加绒打底裤 外 穿 女士 韩版 长裤 黑色 显 瘦 小脚裤 大码 ,http://img01.taobaocdn.com/bao/uploaded/i1/11880029571060524/T1xr2kFkxdXXXXXXXX_!!0-item_pic.jpg,2-3,b195,s312
63,朗 蒙 秋 韩版 休闲衬衣 纯棉 拼接 格子 男士 长袖衬衫 修身 保暖 男装 厚 衣服 ,http://img01.taobaocdn.com/bao/uploaded/i3/TB1N7CaGXXXXXcUXXXXXXXXXXXX_!!0-item_pic.jpg,1-9,b67,s313
542,BRIOSO 格子衬衫 女 长袖 2014 秋装 新款外套 韩版 大码女装 学生 衬衣 上衣 ,http://img01.taobaocdn.com/bao/uploaded/i1/TB1qPCPGXXXXXcOXFXXXXXXXXXX_!!0-item_pic.jpg,2-9,b118,s189
487,蓝 登 威尼 2014 男装 秋款牛仔裤 男士 韩版 修身 潮 休闲小脚裤 弹力 长 裤子 ,http://img01.taobaocdn.com/bao/uploaded/i4/TB1PLyjGXXXXXakaXXXXXXXXXXX_!!0-item_pic.jpg,1-4,b196,s314
497,加绒 加厚 秋冬 韩版打底衫 大码女装 修身上衣 白色长袖t恤 圆领 纯棉 潮 ,http://img01.taobaocdn.com/bao/uploaded/i3/T12kcUFnNnXXXXXXXX_!!0-item_pic.jpg,2-7,b197,s315
372,男士 长袖T恤 2014 新款 韩版 修身 青少年 秋季 情侣 潮 男装 纯棉 打底 衣服 ,http://img01.taobaocdn.com/bao/uploaded/i1/TB1SHCqGXXXXXX6XXXXXXXXXXXX_!!0-item_pic.jpg,1-7,b9,s316
364,女装 秋装 新款 2014 大码 上衣 t恤 女 长袖 韩版 修身 加绒 加厚 蕾丝打底衫 ,http://img01.taobaocdn.com/bao/uploaded/i4/T1tROmFcteXXXXXXXX_!!0-item_pic.jpg,2-7,null,s89
144,2014 春秋男装 牛仔长裤 雪花 牛仔裤 男 修身 小脚牛仔裤 男 裤子 韩版 显 瘦 ,http://img01.taobaocdn.com/bao/uploaded/i1/T1FjGUFN0aXXXXXXXX_!!0-item_pic.jpg,1-4,b9,s317
101,6605   2014 秋款 女 半身裙 欧根纱 蓬蓬裙 伞裙 百褶 太阳裙 雪纺短裙 子女 ,http://img01.taobaocdn.com/bao/uploaded/i3/TB1UUHAGpXXXXbFXXXXXXXXXXXX_!!0-item_pic.jpg,2-3,b198,s318
205,女t恤   短袖   韩版 纯棉 半袖 2014 夏装 新款 女装 上装   修身 显 瘦 上衣 t  ,http://img01.taobaocdn.com/bao/uploaded/i1/T1L.l.FPdXXXXXXXXX_!!0-item_pic.jpg,2-7,null,s319
145,向 初   2014 春秋装 新款 女 韩版 潮 大码 休闲长裤 显 瘦 哈伦 裤 小脚 女 裤子 ,http://img01.taobaocdn.com/bao/uploaded/i2/TB1GXYDFVXXXXa4XVXXXXXXXXXX_!!0-item_pic.jpg,2-2,b199,s320
499,2014 早秋 新款 韩版 OL 显 瘦 收腰 中袖 秋装连衣裙 优雅 气质 包臀 打底裙子 ,http://img01.taobaocdn.com/bao/uploaded/i4/TB14SgFFVXXXXb8XFXXXXXXXXXX_!!2-item_pic.png,2-10,null,s321
486,2014 秋装 新款 显 瘦 松紧腰 卷边 牛仔小脚裤 哈伦 裤 牛仔裤 女 长裤 韩版 潮 ,http://img01.taobaocdn.com/bao/uploaded/i4/17897027348603174/T1wgSwFmhfXXXXXXXX_!!0-item_pic.jpg,2-4,b200,s322
556,男装 秋冬 男士 长袖t恤   韩版 修身 男 时尚 纯色 印花T恤 圆领打底衫 大码 ,http://img01.taobaocdn.com/bao/uploaded/i1/TB1013jGpXXXXXxXFXXXXXXXXXX_!!0-item_pic.jpg,1-7,b201,s323
397,简 狐 秋装 中年女装 上衣 时尚 妈妈装 中袖 中老年女装 秋装 新款针织衫 ,http://img01.taobaocdn.com/bao/uploaded/i1/T1.Z_nFqJeXXXXXXXX_!!0-item_pic.jpg,2-13,b202,s324
339,2014 秋 夏装 新款 韩版 亚麻 裤 休闲 时尚女裤 系带 宽松 长 裤子 高腰 哈伦 女 ,http://img01.taobaocdn.com/bao/uploaded/i1/T1YTyLFrpdXXXXXXXX_!!0-item_pic.jpg,2-2,null,s325
229,2014 秋装 韩版 休闲 薄 打底衫 胖 mm 大码女装 中长款 宽松 纯棉 长袖女T恤 ,http://img01.taobaocdn.com/bao/uploaded/i2/TB1r_dqGXXXXXcWXpXXXXXXXXXX_!!0-item_pic.jpg,2-7,b203,s326
383,MJX 2014 秋季 新款格子衬衫 女   长袖 时尚 休闲 修身 潮 女装 情侣衬衣 ,http://img01.taobaocdn.com/bao/uploaded/i2/TB1lM7VFVXXXXXJaXXXXXXXXXXX_!!0-item_pic.jpg,2-9,b156,s258
278,2014 夏季新款 韩版 字母 宽松 休闲短袖T恤   韩 范 大码女装 半袖上衣 女 潮 ,http://img01.taobaocdn.com/bao/uploaded/i1/T1K0ZDFHldXXXXXXXX_!!0-item_pic.jpg,2-7,null,s327
77,2014 秋季 新款 外 穿 高腰 打底裤 女 显 瘦 长裤 休闲铅笔裤 小脚裤 大码 夏 薄 ,http://img01.taobaocdn.com/bao/uploaded/i4/TB1W4k1FFXXXXXBaXXXXXXXXXXX_!!0-item_pic.jpg,2-3,b37,s61
173,洛薇雅 2014 秋装 新款 韩版毛衣外套   大码 外 搭 长袖 V领针织衫 开衫   女 ,http://img01.taobaocdn.com/bao/uploaded/i3/TB1dAJ_GXXXXXbvXpXXXXXXXXXX_!!0-item_pic.jpg,2-5,b204,s328
170,2014 夏装 新款 情侣 韩版 体恤 女装 白色 短袖女T恤 大码 半袖 打底衫 t恤 女 ,http://img01.taobaocdn.com/bao/uploaded/i1/TB1XgpVGpXXXXbuXpXXXXXXXXXX_!!0-item_pic.jpg,2-7,null,s329
345,加厚 加绒 七彩 棉 打底裤 外 穿 2014 新款 秋冬季 大码 女士 保暖 高腰 长 棉裤 ,http://img01.taobaocdn.com/bao/uploaded/i2/TB1qoZ7FFXXXXaDaXXXXXXXXXXX_!!0-item_pic.jpg,2-3,b205,s330
336,恩贝 缇   秋装 假两件 打底 裤裙 女士 大码 高腰 外 穿 长裤 韩版百褶裙 裤子 ,http://img01.taobaocdn.com/bao/uploaded/i2/TB18qBLGXXXXXasaXXXXXXXXXXX_!!0-item_pic.jpg,2-3,b206,s331
360,2014 女装 高腰牛仔裤 女式 秋 韩 范 显 瘦 小脚裤 大码 弹力铅笔裤 韩版 长裤 ,http://img01.taobaocdn.com/bao/uploaded/i2/TB19J0lGFXXXXXlaXXXXXXXXXXX_!!0-item_pic.jpg,2-4,null,s332
455,春秋季 2014 新款 修身风衣 女   韩版 中长款 长袖 百搭双排扣 风衣 外套   女 ,http://img01.taobaocdn.com/bao/uploaded/i1/T144djFKFXXXXXXXXX_!!0-item_pic.jpg,2-20,b207,s333
15,糖果色 小脚 铅笔裤 韩版休闲裤 高腰 打底裤 外 穿 弹力 大码女装 秋季裤子 ,http://img01.taobaocdn.com/bao/uploaded/i3/TB1hu.RGXXXXXbvXpXXXXXXXXXX_!!0-item_pic.jpg,2-3,null,s334
125,2014 秋季 新款 男装 男士保暖衬衫 加绒 加厚长袖衬衣 男 免烫 韩版 修身 潮 ,http://img01.taobaocdn.com/bao/uploaded/i3/TB1ygqQGXXXXXbbXFXXXXXXXXXX_!!0-item_pic.jpg,1-9,b183,s295
447,男士商务休闲裤 秋冬 厚 款 长 裤子 中老年 男裤 直筒 宽松 中年 爸爸 装 秋季 ,http://img01.taobaocdn.com/bao/uploaded/i3/TB1W8XjGpXXXXaLXFXXXXXXXXXX_!!0-item_pic.jpg,1-2,b9,s335
244,打底裤 女   显 瘦 小脚裤   打底裤 外 穿     女士 韩版 潮 花色   磨毛 打底裤 ,http://img01.taobaocdn.com/bao/uploaded/i4/TB1IX.dFVXXXXb5XVXXXXXXXXXX_!!0-item_pic.jpg,2-3,null,s81
301,超值 低胸 U型 工字 纯棉 蕾丝 打底背心   修身 无袖上衣 女士 大码吊带 背心 ,http://img01.taobaocdn.com/bao/uploaded/i1/TB1OEqJGXXXXXc2XFXXXXXXXXXX_!!0-item_pic.jpg,2-19,null,s336
409,2014 新款 春秋装 韩版 修身型 立领茄克 潮 男装 男士 青年 薄款 夹克衫 外套 ,http://img01.taobaocdn.com/bao/uploaded/i4/TB1fXvPGpXXXXbGXXXXXXXXXXXX_!!0-item_pic.jpg,1-6,b208,s337
112,2014 秋装 新款 韩版 彩色 糖果色铅笔裤 弹力牛仔裤 女 小脚 裤子 大码 潮 ,http://img01.taobaocdn.com/bao/uploaded/i4/TB1SNVOGXXXXXa_XVXXXXXXXXXX_!!0-item_pic.jpg,2-4,b5,s8
374,2014 夏 秋 新款 棉麻 显 瘦 小脚 九分裤 韩版 潮 大码 宽松休闲裤 哈伦 裤 女 ,http://img01.taobaocdn.com/bao/uploaded/i4/T1JdpoFexhXXXXXXXX_!!0-item_pic.jpg,2-2,null,s338
562,【 万 人 疯抢 】     独家 正品   针织裙   厚实 毛衣裙   商场 品质   针织衫 ,http://img01.taobaocdn.com/bao/uploaded/i2/TB1GmtRGXXXXXaNXXXXXXXXXXXX_!!0-item_pic.jpg,2-11,null,s339
282,2014 秋季 新款 韩版打底衫 百搭 小 蝙蝠 袖 中长款 宽松 条纹长袖t恤 女 潮 ,http://img01.taobaocdn.com/bao/uploaded/i4/TB1IEA4FVXXXXataXXXXXXXXXXX_!!0-item_pic.jpg,2-7,null,s340
276,2014 新款 春秋 仿皮 打底裤 女 薄款 韩版 亚光 皮裤 小脚裤 外 穿 长裤 潮 大码 ,http://img01.taobaocdn.com/bao/uploaded/i3/14084029468670089/T1LKPhFfXaXXXXXXXX_!!0-item_pic.jpg,2-3,b209,s341
373,糖果色 高腰铅笔裤 小脚裤 紧身弹力裤 外 穿 打底裤 春秋款 九分裤 长裤 女 ,http://img01.taobaocdn.com/bao/uploaded/i3/TB1TlPuFVXXXXXnXXXXXXXXXXXX_!!0-item_pic.jpg,2-3,null,s210
260,2014 秋冬新款 韩版 大码 毛呢短裤 女装 加厚 呢子靴裤 显 瘦 热裤 打底 冬季 ,http://img01.taobaocdn.com/bao/uploaded/i4/TB1KZxkGFXXXXX3XXXXXXXXXXXX_!!0-item_pic.jpg,2-2,null,s342
354,讴 若 缇 2014 秋季 新款 假两件 格子 长袖衬衫 韩版 女装 秋装上衣 学生 衬衣 ,http://img01.taobaocdn.com/bao/uploaded/i2/TB1T0BfFVXXXXcKaXXXXXXXXXXX_!!0-item_pic.jpg,2-9,b210,s343
237,红 惑 秋季 新款 绣花上衣 秋装毛衣外套 女 百搭 长袖 外 搭 宽松 薄 针织开衫 ,http://img01.taobaocdn.com/bao/uploaded/i3/TB1CjRVFVXXXXXlXXXXXXXXXXXX_!!0-item_pic.jpg,2-5,b211,s344
454,秋冬新款 韩 范 大码半身裙 短裙 女 蓬蓬裙 荷叶边裙 伞裙 高腰针织裙 女 ,http://img01.taobaocdn.com/bao/uploaded/i3/T1P2X2FCpcXXXXXXXX_!!0-item_pic.jpg,2-8,null,s345
482,韩版 仿牛仔打底裤 外 穿 春秋 夏 九分裤 显 瘦 弹力 紧身小脚裤 薄款 裤子 ,http://img01.taobaocdn.com/bao/uploaded/i4/TB1uZHWFFXXXXaqapXXXXXXXXXX_!!0-item_pic.jpg,2-3,null,s346
398,男装t恤 2014 秋季 新款 男士 长袖   棉 韩版 修身 圆领打底衫   印花 休闲 潮 ,http://img01.taobaocdn.com/bao/uploaded/i1/TB1Ar8RGXXXXXaLXVXXXXXXXXXX_!!0-item_pic.jpg,1-7,b9,s347
142,2014 秋装 新款 高腰牛仔裤 女士 紧身 显 瘦 小脚裤 韩版 潮 长 裤子 铅笔女裤 ,http://img01.taobaocdn.com/bao/uploaded/i1/14856031025683406/T1AIaUXd4yXXXXXXXX_!!0-item_pic.jpg,2-4,b55,s348
509,春秋打底裤 外 穿 长裤 高腰 紧身裤 新款 大码 弹力 小脚 铅笔裤 女 显 瘦 包邮 ,http://img01.taobaocdn.com/bao/uploaded/i1/TB1wNB9GXXXXXaSXpXXXXXXXXXX_!!2-item_pic.png,2-3,null,s349
540,2014 秋装 新款 女装 七 婵 韩版 镂空 短款披肩 薄 外套 针织衫 开衫毛衣 外 搭 ,http://img01.taobaocdn.com/bao/uploaded/i2/T1_VV3FzJgXXXXXXXX_!!0-item_pic.jpg,2-5,b212,s350
17,包邮 2014 春夏 新款 妈妈装   中老年女装 冰丝连衣裙   中年 大码 碎花裙子 ,http://img01.taobaocdn.com/bao/uploaded/i1/TB1XFxkGpXXXXXVXXXXXXXXXXXX_!!0-item_pic.jpg,2-10,null,s351
3,2014 春秋 海宁 新款 修身皮夹克 绵羊皮 立领 潮 短款 男士皮衣 真皮皮衣 男 ,http://img01.taobaocdn.com/bao/uploaded/i3/TB13WVgGpXXXXbgXVXXXXXXXXXX_!!0-item_pic.jpg,1-1,b213,s352
270,碧丽 蒂斯   秋装 新款牛仔裤 女士 小脚裤 修身 显 瘦 长 裤子 铅笔女裤 韩 范 ,http://img01.taobaocdn.com/bao/uploaded/i2/TB1MhzeFVXXXXaxXpXXXXXXXXXX_!!0-item_pic.jpg,2-4,b214,s353
439,韩国 2014 新 黑白 印花打底裤 秋款 外 穿 弹力 显 瘦 九分裤 大码小脚裤 长裤 ,http://img01.taobaocdn.com/bao/uploaded/i4/TB1105zGpXXXXarXpXXXXXXXXXX_!!0-item_pic.jpg,2-3,b169,s276
19,2014 新款 秋款 大码女装 休闲裤 女 长裤 糖果色铅笔裤 显 瘦 小脚裤 女 裤子 ,http://img01.taobaocdn.com/bao/uploaded/i1/T1p5FDXEFbXXXXXXXX_!!0-item_pic.jpg,2-2,null,s74
531,sarouya 白 男士衬衫 男 长袖 韩版 修身 纯色衬衣 商务 寸 衫 正装 春秋男装 ,http://img01.taobaocdn.com/bao/uploaded/i4/TB1OlWHGpXXXXbnXXXXXXXXXXXX_!!0-item_pic.jpg,1-9,b215,s354
404,秋季 冬装 深色 男士牛仔裤 男 休闲直筒 修身牛仔长裤 男装 潮 裤子 男 大码 ,http://img01.taobaocdn.com/bao/uploaded/i4/T1SHxsFaxhXXXXXXXX_!!0-item_pic.jpg,1-4,b75,s355
370,秋天 裤子 女 韩版 潮 女装 大码 显 瘦 高腰 外 穿 打底裤 女式 紧身 铅笔小脚裤 ,http://img01.taobaocdn.com/bao/uploaded/i3/TB1D8pBFpXXXXbihpXXXXXXXXXX_!!0-item_pic.jpg,2-3,null,s205
113,包邮 秋装 薄款 莫代尔 大码 宽松 显 瘦 哈伦 裤 长裤 瑜伽裤 休闲裤 运动裤 女 ,http://img01.taobaocdn.com/bao/uploaded/i1/TB1hFzZFFXXXXbjbFXXXXXXXXXX_!!2-item_pic.png,2-2,null,s356
472,中老年女装 春秋装 中年人 上 衣服 时尚新款 打底衫 大码 妈妈装 长袖T恤 ,http://img01.taobaocdn.com/bao/uploaded/i4/TB1UY10GXXXXXajXpXXXXXXXXXX_!!0-item_pic.jpg,2-13,null,s357
535,14 秋款 绵羊皮 真皮皮衣 男   海宁 男士皮衣 立领 修身 短款皮夹克 男 真皮 ,http://img01.taobaocdn.com/bao/uploaded/i3/TB14MKMGXXXXXbqXVXXXXXXXXXX_!!0-item_pic.jpg,1-1,b216,s358
135,2014 新 显 瘦 秋款 外 穿 秋冬款 女装 女士 小脚裤 铅笔裤 长裤 高腰 打底 裤子 ,http://img01.taobaocdn.com/bao/uploaded/i1/TB1pCEtGXXXXXXXXFXXXXXXXXXX_!!0-item_pic.jpg,2-3,null,s359
265,夏装 新款 2014 欧洲站 宽松 针织开衫 韩国代购 秋冬 加厚 大码毛衣 外套 女 ,http://img01.taobaocdn.com/bao/uploaded/i3/TB1Ea0LFVXXXXaFXpXXXXXXXXXX_!!0-item_pic.jpg,2-5,null,s360
90,包邮 秋冬 韩版 百搭 小 清新 打底 修身 套头 蕾丝 长袖 娃娃领 白 衬衫 女 ,http://img01.taobaocdn.com/bao/uploaded/i3/TB1PPLtFVXXXXXNXFXXXXXXXXXX_!!0-item_pic.jpg,2-9,b217,s361
514,早秋 新款 套装 秋装外套 显 瘦 韩版 两件套   休闲西装 修身长袖连衣裙 女 ,http://img01.taobaocdn.com/bao/uploaded/i4/TB1_TTtFVXXXXa7XXXXXXXXXXXX_!!0-item_pic.jpg,2-10,b218,s362
42,专柜品质 _ 秋冬 加厚针织衫 女式 短款 长袖开衫 夏 防晒衣 线衫 外套 大码 ,http://img01.taobaocdn.com/bao/uploaded/i4/T1CkFlFDpiXXXXXXXX_!!0-item_pic.jpg,2-5,null,s363
299,秋冬 女 新款 A 字 伞裙 黑白 千鸟 格子 打底 针织短裙 百褶 高腰 蓬蓬半身裙 ,http://img01.taobaocdn.com/bao/uploaded/i3/TB11CFOGpXXXXXXXVXXXXXXXXXX_!!0-item_pic.jpg,2-8,null,s103
183,原宿 风 2014 秋装 新款 潮 装 韩版 长袖 牛仔 褂 短外套   宽松 休闲牛仔衣   女 ,http://img01.taobaocdn.com/bao/uploaded/i4/TB1gST8FVXXXXXEXpXXXXXXXXXX_!!0-item_pic.jpg,2-14,null,s364
379,秋冬新款 女装 半身裙 高腰短裙 秋款 A字裙 韩版蓬蓬裙 伞裙 百褶 裙子 ,http://img01.taobaocdn.com/bao/uploaded/i2/19892030931241936/T11tnxFnNaXXXXXXXX_!!0-item_pic.jpg,2-8,b188,s301
440,2014 秋款 装 韩版 外 穿 女士 棉 打底 九分裤 包臀 假两件 显 瘦 长 裤裙 裤子 ,http://img01.taobaocdn.com/bao/uploaded/i3/TB1i4l_GpXXXXc6XVXXXXXXXXXX_!!0-item_pic.jpg,2-3,b219,s365
59,浪莎 短裤 防 走光 安全裤 蕾丝 三分裤 莫代尔 打底 裤子 保险 裤 大码 女 夏 薄 ,http://img01.taobaocdn.com/bao/uploaded/i2/T13ZqwFFdbXXXXXXXX_!!0-item_pic.jpg,2-3,b220,s366
329,男 胜 衣 色 2014 秋装 新款 韩版 男士 潮 长袖衬衣 修身 男 牛仔衬衫 男外套 ,http://img01.taobaocdn.com/bao/uploaded/i2/10499029772358709/T1h6r7FeNaXXXXXXXX_!!0-item_pic.jpg,1-9,b221,s367
140,2014 秋装 新款 韩版 女士 修身打底衫 纯棉长袖T恤 大码 闺 蜜 女装上衣 潮 ,http://img01.taobaocdn.com/bao/uploaded/i4/TB11Fu3FVXXXXXraXXXXXXXXXXX_!!0-item_pic.jpg,2-7,null,s368
415,[ H136 ] 秋冬 麻花 女士   踩脚裤   显 瘦 打底裤   九分裤   厚 连裤袜子   包邮 ,http://img01.taobaocdn.com/bao/uploaded/i3/TB1ifQMGXXXXXaAXpXXXXXXXXXX_!!0-item_pic.jpg,2-3,b222,s369
488,2014 秋装 新款牛仔裤 女 加厚 加绒 小脚裤 韩版 潮 长 裤子   显 瘦 女裤 弹力 ,http://img01.taobaocdn.com/bao/uploaded/i4/T1ZDh7FuJjXXXXXXXX_!!0-item_pic.jpg,2-4,b223,s370
391,雅思 诚 2014 秋装 新款 休闲 高腰 女 裤子 小脚裤 铅笔裤 大码女装 弹力长裤 ,http://img01.taobaocdn.com/bao/uploaded/i4/18981030674923219/T1puN9XudiXXXXXXXX_!!0-item_pic.jpg,2-2,b224,s371
10,女装 秋装 新款 2014 大码 上衣   t恤 女 长袖   韩版 修身 圆领 蕾丝打底衫 ,http://img01.taobaocdn.com/bao/uploaded/i4/T1tROmFcteXXXXXXXX_!!0-item_pic.jpg,2-7,null,s372
322,男士 短袖衬衫   白色 正装   商务 休闲 职业 短袖衬衣   韩版 修身 工作 男装 ,http://img01.taobaocdn.com/bao/uploaded/i2/T1iyqpFCVdXXXXXXXX_!!0-item_pic.jpg,1-9,b9,s373
48,男士 长袖t恤 V领 2014 青少年 秋装 新款 休闲上衣 修身 韩版 纯色 T恤衫 潮 ,http://img01.taobaocdn.com/bao/uploaded/i2/TB1lTN_GXXXXXaUXXXXXXXXXXXX_!!0-item_pic.jpg,1-7,b9,s374
235,加绒 裤子 女 拉绒 九 分 连 脚 裤 踩脚裤袜 女士 外 穿 打底裤 女 2014 秋冬新款 ,http://img01.taobaocdn.com/bao/uploaded/i2/TB1wcWlGXXXXXXSXpXXXXXXXXXX_!!0-item_pic.jpg,2-3,null,s210
330,2014 秋装 新款 韩版 显 瘦 彩色铅笔裤 女装 夏 大码 弹力 小脚 休闲 长 裤子 潮 ,http://img01.taobaocdn.com/bao/uploaded/i3/T1myAbFv4aXXXXXXXX_!!0-item_pic.jpg,2-2,null,s375
201,男装 秋装 男士 长袖t恤   韩版 修身 男 时尚   纯色 V领 打底衫 大码 潮流 上衣 ,http://img01.taobaocdn.com/bao/uploaded/i1/TB1ZMb6GXXXXXaXXpXXXXXXXXXX_!!0-item_pic.jpg,1-7,b201,s323
501,2014 夏装 新款 翻领T恤 男装 纯棉 印花 男士 v领短袖t恤   男 polo衫 韩版 潮 ,http://img01.taobaocdn.com/bao/uploaded/i4/TB1fUJPFVXXXXaraXXXXXXXXXXX_!!0-item_pic.jpg,1-7,b183,s295
382,韩 范 学生版 女裤 复古 原宿 小脚裤 秋装 新款 大码 浅色 显 瘦 铅笔牛仔裤 女 ,http://img01.taobaocdn.com/bao/uploaded/i1/TB16PHjFVXXXXaoXVXXXXXXXXXX_!!0-item_pic.jpg,2-4,null,s376
426,2014 秋装   新款 女装 韩版 甜美 网纱刺绣 灯笼袖 长袖 打底连衣裙   加大码 ,http://img01.taobaocdn.com/bao/uploaded/i3/TB15V0CGXXXXXasXXXXXXXXXXXX_!!0-item_pic.jpg,2-10,null,s377
207,包邮   2014 新款 女装 春季 高腰 打底裤 休闲裤 长裤 拉链 修身女裤 小脚裤 ,http://img01.taobaocdn.com/bao/uploaded/i3/TB1Uy0nGFXXXXaoXpXXXXXXXXXX_!!0-item_pic.jpg,2-2,null,s378
358,秋冬新款 修身纯棉t恤 韩版 大码女装 上衣 加绒 加厚 蕾丝打底衫 女 长袖 ,http://img01.taobaocdn.com/bao/uploaded/i1/T1816EFXNdXXXXXXXX_!!0-item_pic.jpg,2-7,null,s379
245,背心 女 吊带 新款   糖果色 小 吊带衫 纯棉 韩版 冬 大码内衣 打底 工字背心 ,http://img01.taobaocdn.com/bao/uploaded/i3/T1B4R8FDpXXXXXXXXX_!!0-item_pic.jpg,2-19,null,s81
239,初秋 新品   莫代尔 开衫 薄款 夏季 大码 防晒衣 长袖 中长款 外 搭 空调 衫 ,http://img01.taobaocdn.com/bao/uploaded/i4/T1byKXFu4fXXXXXXXX_!!0-item_pic.jpg,2-5,b225,s380
192,秋装 新款 韩版 简约 圆领 中长款   毛衣 2014 针织开衫 外套 女针织衫   女装 ,http://img01.taobaocdn.com/bao/uploaded/i2/14674027366475137/T1VACyFktdXXXXXXXX_!!0-item_pic.jpg,2-5,b226,s381
232,秋冬裤子 女 欧美 大码休闲裤 长裤 打底裤 加绒 铅笔 弹力 黑色小脚裤 紧身 ,http://img01.taobaocdn.com/bao/uploaded/i1/TB1IY8dGXXXXXcrXpXXXXXXXXXX_!!0-item_pic.jpg,2-2,null,s382
448,2014 秋装 新款牛仔裤 女 小脚裤 显 瘦 修身 弹力 中腰铅笔裤 韩版 潮 长 裤子 ,http://img01.taobaocdn.com/bao/uploaded/i2/TB1Gn4_GpXXXXaeXpXXXXXXXXXX_!!0-item_pic.jpg,2-4,b227,s383
184,秋装 韩版 大码女装 OL 气质 中袖连衣裙 女 显 瘦 宽松 少女 花瓣 打底裙子 潮 ,http://img01.taobaocdn.com/bao/uploaded/i4/T1CtN2FtVaXXXXXXXX_!!0-item_pic.jpg,2-10,null,s384
43,2014 秋装外套 新款 韩版 怀旧 洗 水 磨破牛仔外套 上衣 长袖牛仔外套 女 潮 ,http://img01.taobaocdn.com/bao/uploaded/i3/TB1JqXnGpXXXXbtXFXXXXXXXXXX_!!0-item_pic.jpg,2-14,null,s385
262,高腰 打底裤 外 穿 紧身裤 女 大码 加 长裤 小脚裤 弹力铅笔裤 修身 显 瘦 秋冬 ,http://img01.taobaocdn.com/bao/uploaded/i3/TB1l2jnGpXXXXbCXpXXXXXXXXXX_!!0-item_pic.jpg,2-3,b228,s386
219,秋装 新款 韩版 秋冬女装 宽松 2014 大码 显 瘦 修身 打底裙 长袖 气质连衣裙 ,http://img01.taobaocdn.com/bao/uploaded/i3/T1jTWrFwxbXXXXXXXX_!!0-item_pic.jpg,2-10,null,s387
490,秋冬 外 穿 加绒 加厚打底裤 女士 显 瘦 弹力 大码 九 分 连 袜 踩脚 拉绒 裤子 女 ,http://img01.taobaocdn.com/bao/uploaded/i2/TB14wEYGXXXXXX0XpXXXXXXXXXX_!!0-item_pic.jpg,2-3,null,s388
94,2014 新款 韩版 女装 印花外套 休闲 长袖 女 韩版短外套 显 瘦 时尚 棒球服 ,http://img01.taobaocdn.com/bao/uploaded/i4/TB1u.RhGpXXXXX6XFXXXXXXXXXX_!!0-item_pic.jpg,2-14,b229,s389
279,秋装 新款 韩版 女装上衣 雪纺衫 长袖 蕾丝打底衫 大码 修身 网纱 小衫 T恤 ,http://img01.taobaocdn.com/bao/uploaded/i2/TB1H4rwFVXXXXXjaXXXXXXXXXXX_!!0-item_pic.jpg,2-7,b230,s390
356,2014 秋冬新款 韩版 加绒 加厚打底裤 外 穿 大码 显 瘦 弹力 女士 小脚 铅笔裤 ,http://img01.taobaocdn.com/bao/uploaded/i4/TB155ZDGXXXXXcOXXXXXXXXXXXX_!!0-item_pic.jpg,2-3,b192,s391
544,秋冬款 内搭 莫代尔 吊带背心 女   U型 工字 修身 纯棉 磨毛 女式背心 打底衫 ,http://img01.taobaocdn.com/bao/uploaded/i1/TB1SyjxFVXXXXXEaXXXXXXXXXXX_!!0-item_pic.jpg,2-19,null,s336
283,朗蒙 秋冬装 加绒 加厚 保暖衬衫 男装 修身 格子 男士长袖衬衣 大码 衣服 潮 ,http://img01.taobaocdn.com/bao/uploaded/i3/TB13ZIpGpXXXXXRXpXXXXXXXXXX_!!0-item_pic.jpg,1-9,b67,s313
6,2014 秋装 新款牛仔裤 女 韩版 显 瘦 小脚裤 大码 高腰牛仔裤 长裤 铅笔裤 女 ,http://img01.taobaocdn.com/bao/uploaded/i2/TB1jhvVFVXXXXciXXXXXXXXXXXX_!!0-item_pic.jpg,2-4,null,s392
249,2014 新款 女装 秋冬短裤 修身 显 瘦 女装休闲裤 热裤 靴 裤子 毛呢短裤 女 ,http://img01.taobaocdn.com/bao/uploaded/i4/TB1qQx.GXXXXXcjXXXXXXXXXXXX_!!0-item_pic.jpg,2-2,null,s29
361,2014 秋装 新款 大码女装 长袖t恤 女款 修身打底衫 韩版小衫 宽松 上 衣服 ,http://img01.taobaocdn.com/bao/uploaded/i2/TB1SgggFVXXXXabXVXXXXXXXXXX_!!0-item_pic.jpg,2-7,b231,s393
61,2014 秋装 新款 纯色 男士休闲裤   韩版 潮 男 小脚 修身裤   男装 百搭 长 裤子 ,http://img01.taobaocdn.com/bao/uploaded/i1/T1YZwGFJ0aXXXXXXXX_!!0-item_pic.jpg,1-2,b9,s394
264,纯棉 修身 小吊带 背心 女装打底衫 夏潮 白色 大码 外 穿 宽肩 无袖 韩版 新款 ,http://img01.taobaocdn.com/bao/uploaded/i1/TB1dmO4FVXXXXcVXFXXXXXXXXXX_!!0-item_pic.jpg,2-19,b232,s395
147,唐 女 2014 春秋 新款 外 穿 假两件 打底裤 裤裙 女士 显 瘦 百褶裙 大码 长 裤子 ,http://img01.taobaocdn.com/bao/uploaded/i2/10928030955296852/T1.lOYXxtkXXXXXXXX_!!0-item_pic.jpg,2-3,b233,s396
467,包邮   续 点   男士背心   男   夏   健身 紧身 运动 打底衫 汗背心 男 纯棉 韩潮 ,http://img01.taobaocdn.com/bao/uploaded/i4/TB1qt4VGFXXXXczXXXXXXXXXXXX_!!0-item_pic.jpg,1-21,b234,s397
305,秋天 显 瘦 高腰 秋冬季 外 穿 打底裤 长裤 秋款 冬款 女士 踩脚 春秋 薄款 连 脚 ,http://img01.taobaocdn.com/bao/uploaded/i2/T17ZlEFq8dXXXXXXXX_!!0-item_pic.jpg,2-3,null,s398
521,牛仔外套 女   潮 2014 秋装 新款 韩版 长袖 宽松 短款 破洞 情侣 牛仔衣 外套 ,http://img01.taobaocdn.com/bao/uploaded/i2/TB1Ts0NFVXXXXXyaXXXXXXXXXXX_!!0-item_pic.jpg,2-14,null,s399
537,2014 秋装 新款 大码女装 长袖t恤 女款 中长款 打底衫 韩版 潮 修身 上 衣服 ,http://img01.taobaocdn.com/bao/uploaded/i3/TB12UWEGpXXXXaSXVXXXXXXXXXX_!!0-item_pic.jpg,2-7,b235,s400
474,亏本清仓   秋季 新款 文艺 女装 圆领 针织 镂空 长袖 雪纺 两件套针织衫 ,http://img01.taobaocdn.com/bao/uploaded/i1/TB10RLfFVXXXXXEXpXXXXXXXXXX_!!0-item_pic.jpg,2-5,null,s401
462,MENSWILL 秋装新品 牛仔裤 男士 直筒 韩版 修身 弹力 潮 加绒 小脚裤 男 裤子 ,http://img01.taobaocdn.com/bao/uploaded/i2/TB1xzPjGpXXXXXXXpXXXXXXXXXX_!!0-item_pic.jpg,1-4,b236,s402
446,2014 秋冬季 韩版 弹力 外 穿 打底裤 高腰 黑色 长 裤子 女士 铅笔 显 瘦 小脚裤 ,http://img01.taobaocdn.com/bao/uploaded/i3/TB1UfIYFVXXXXafXFXXXXXXXXXX_!!0-item_pic.jpg,2-3,b237,s403
45,2014 春秋季 新款 包臀 打底裤 假两件 裙裤 大码 显 瘦 长裤 外 穿 薄款 裤裙 女 ,http://img01.taobaocdn.com/bao/uploaded/i3/TB1MxuqFVXXXXXWXVXXXXXXXXXX_!!0-item_pic.jpg,2-3,b62,s105
29,女装 秋装 韩版 复古 加厚 套头毛衣 打底针织衫 长袖 麻花外套 女 线衫 圆领 ,http://img01.taobaocdn.com/bao/uploaded/i1/TB1ZCAIFVXXXXcPXpXXXXXXXXXX_!!0-item_pic.jpg,2-11,null,s153
412,秋季牛仔裤   男   直筒 修身   nzk 黑色 青年   高档 男士 休闲   男生 长 裤子 ,http://img01.taobaocdn.com/bao/uploaded/i3/TB1Z2chFVXXXXb5XXXXXXXXXXXX_!!0-item_pic.jpg,1-4,b35,s59
247,2014 夏装 新款雪纺上衣 韩版 女装 中袖 / 五分袖 蕾丝打底衫   女 雪纺衫 秋 ,http://img01.taobaocdn.com/bao/uploaded/i3/TB1ixKAFFXXXXbrbpXXXXXXXXXX_!!0-item_pic.jpg,2-12,b238,s404
233,2014 夏季新款 t  女装 大码 松 宽 印花 短袖 韩版t恤 闺 蜜 装 棒球服 学生装 ,http://img01.taobaocdn.com/bao/uploaded/i3/T1zRsAFIBaXXXXXXXX_!!0-item_pic.jpg,2-7,null,s405
222,韩版 2014 新 显 瘦 春秋款 外 穿 休闲 女士 小脚裤 铅笔裤 长裤 高腰 打底 裤子 ,http://img01.taobaocdn.com/bao/uploaded/i4/T184ylFwlfXXXXXXXX_!!0-item_pic.jpg,2-3,b239,s359
491,打底裤 女 花朵   薄款 显 瘦   涂鸦   小脚   可 外 穿 打底裤   女士   英伦 格子 ,http://img01.taobaocdn.com/bao/uploaded/i4/TB1Zc6tGpXXXXcNXXXXXXXXXXXX_!!0-item_pic.jpg,2-3,null,s346
504,大码 女式牛仔裤 女 小脚裤 铅笔裤 显 瘦 弹力 修身长裤 秋 欧美 韩版 裤子 潮 ,http://img01.taobaocdn.com/bao/uploaded/i1/TB1I9yeGXXXXXXCXFXXXXXXXXXX_!!0-item_pic.jpg,2-4,b240,s406
431,显 瘦 秋冬款 女士 仿皮 打底裤 亚光 2014 新 薄款 外 穿 紧身 皮裤 女 大码 长裤 ,http://img01.taobaocdn.com/bao/uploaded/i4/TB15MFCGXXXXXcgXVXXXXXXXXXX_!!0-item_pic.jpg,2-3,b241,s407
105,TOPOT   2014 秋冬 休闲衬衣   韩版 修身 加厚 保暖 磨毛 格子 男士 长袖衬衫 ,http://img01.taobaocdn.com/bao/uploaded/i2/T1Kk6mFpNeXXXXXXXX_!!0-item_pic.jpg,1-9,b242,s408
186,2014 秋冬 季节 新款 九 分 修身 印花 弹力 外 穿 女士 牛奶丝 显 瘦 塑 腿 打底裤 ,http://img01.taobaocdn.com/bao/uploaded/i3/TB1Yi4hGXXXXXXFXFXXXXXXXXXX_!!0-item_pic.jpg,2-3,b243,s409
35,欧美风 新款 秋季女装 长袖连衣裙 时尚 撞色 英伦风 两件套裙 A字裙 短裙 ,http://img01.taobaocdn.com/bao/uploaded/i3/TB14mz8GXXXXXaBXFXXXXXXXXXX_!!0-item_pic.jpg,2-10,null,s410
166,爱戈西伦 2014 秋冬新款 男士 长袖T恤 男 长袖 韩版 印花 男装 圆领打底衫 ,http://img01.taobaocdn.com/bao/uploaded/i4/TB1LFBrGFXXXXaRXFXXXXXXXXXX_!!0-item_pic.jpg,1-7,b244,s411
512,2014 春秋装 新款格子衬衫 女   长袖 中长款 韩版 修身 纯棉女衬衣 潮 女装 ,http://img01.taobaocdn.com/bao/uploaded/i1/T1kvhgFH8bXXXXXXXX_!!0-item_pic.jpg,2-9,b245,s412
492,LDQ   秋季 薄款 运动裤子   男 潮 休闲裤   男士 大码 卫裤   宽松 针织长裤 ,http://img01.taobaocdn.com/bao/uploaded/i2/TB1jT3TGpXXXXczXXXXXXXXXXXX_!!0-item_pic.jpg,1-2,b246,s413
489,朗蒙 男士 秋冬款 牛仔 格子 加绒 加厚 保暖衬衫   长袖 休闲 修身衬衣 大码 ,http://img01.taobaocdn.com/bao/uploaded/i2/TB1jlZCGXXXXXcCXXXXXXXXXXXX_!!0-item_pic.jpg,1-9,b67,s414
538,2014 秋冬新款 针织 韩 范 半身裙 百褶裙 蓬 蓬 伞裙 高腰 打底短裙 A字裙 女 ,http://img01.taobaocdn.com/bao/uploaded/i1/T1p41fFuteXXXXXXXX_!!0-item_pic.jpg,2-8,null,s415
369,2014 秋装 新款 韩版 女装 秋季 马卡龙 色 修身长袖毛衣 外套 女针织衫 开衫 ,http://img01.taobaocdn.com/bao/uploaded/i3/TB1EfheGpXXXXXBXXXXXXXXXXXX_!!0-item_pic.jpg,2-5,null,s416
309,长袖t恤 女 秋冬新款 韩版 大码女装 镶钻 纯棉 修身 加绒 加厚打底衫 上衣 ,http://img01.taobaocdn.com/bao/uploaded/i3/TB1749QFVXXXXb8aXXXXXXXXXXX_!!0-item_pic.jpg,2-7,b247,s417
195,秋款打底裤 外 穿 秋 2014 新 纯棉 莫代尔 加绒打底裤 秋冬 显 瘦 小脚裤 加厚 ,http://img01.taobaocdn.com/bao/uploaded/i2/TB195NHFVXXXXcNXVXXXXXXXXXX_!!0-item_pic.jpg,2-3,null,s418
134,嬉 琦   2014 秋装 新款 韩版 女装 水溶 花边 修身   长袖 女 雪纺衫 _ 6151 ,http://img01.taobaocdn.com/bao/uploaded/i2/T1eO4ZFxBjXXXXXXXX_!!0-item_pic.jpg,2-12,b248,s419
458,2014 秋季 新款 韩版 男士 休闲 修身型 长袖衬衫 纯棉 宽松 男装 青年 白衬衣 ,http://img01.taobaocdn.com/bao/uploaded/i2/TB1FkxYFVXXXXaFXXXXXXXXXXXX_!!0-item_pic.jpg,1-9,b249,s420
198,TOPOT 秋季 男装 灯芯绒 拼接 磨毛 格子 长袖衬衫   男士 韩版 修身休闲衬衣 ,http://img01.taobaocdn.com/bao/uploaded/i1/T1p8ZIFf8fXXXXXXXX_!!0-item_pic.jpg,1-9,b242,s421
344,秋装 新款 2014 长裤 彩色 糖果色铅笔裤 女 小脚裤 彩 裤 修身休闲裤 女 裤子 ,http://img01.taobaocdn.com/bao/uploaded/i3/TB1VtxJGXXXXXckXFXXXXXXXXXX_!!0-item_pic.jpg,2-2,null,s422
39,雪纺衫 短袖 镂空 蕾丝衫 七分袖 假两件套 秋冬女装 上衣 宽松 大码 打底衫 ,http://img01.taobaocdn.com/bao/uploaded/i3/T17qlAFldcXXXXXXXX_!!0-item_pic.jpg,2-12,null,s423
139,欧美 Annstreet 新 品牌 2014 秋冬 大码女装 V领 修身 显 瘦 七分袖 棉连衣裙 ,http://img01.taobaocdn.com/bao/uploaded/i3/T196IeFEBXXXXXXXXX_!!0-item_pic.jpg,2-10,b250,s424
357,2014 秋装新款T恤 女 韩版 V领长袖t恤 修身 显 瘦 打底衫   大码女装 上衣 潮 ,http://img01.taobaocdn.com/bao/uploaded/i4/TB1iYp8FVXXXXXmXFXXXXXXXXXX_!!0-item_pic.jpg,2-7,null,s338
399,2014 早秋 新款 女装 韩版 气质 套装 打底裙 显 瘦 修身 包臀 大码 长袖连衣裙 ,http://img01.taobaocdn.com/bao/uploaded/i1/TB1iusiFVXXXXalXXXXXXXXXXXX_!!0-item_pic.jpg,2-10,null,s425
124,2014 秋款 绵羊 真皮皮衣 男 特价 男士皮衣 立领 修身 短款 真皮夹克 男外套 ,http://img01.taobaocdn.com/bao/uploaded/i2/TB1e00XGXXXXXX9XXXXXXXXXXXX_!!0-item_pic.jpg,1-1,b251,s426
365,男装 2014 秋装 新款 韩版 修身 潮 男 长裤 纯色 哈伦 直筒小脚裤 男士休闲裤 ,http://img01.taobaocdn.com/bao/uploaded/i3/TB1bwqSFVXXXXXxXFXXXXXXXXXX_!!0-item_pic.jpg,1-2,b252,s427
34,2014 秋装 女   弹力 九 分 小脚裤   韩版 深色 修身铅笔裤   显 瘦 高腰牛仔裤 ,http://img01.taobaocdn.com/bao/uploaded/i2/TB11W46FVXXXXcaXpXXXXXXXXXX_!!0-item_pic.jpg,2-4,null,s428
559,2014 秋装 新款 韩版 大码女装 长袖连衣裙 女 修身   包臀 气质 打底裙 女 潮 ,http://img01.taobaocdn.com/bao/uploaded/i2/TB1sF8MGFXXXXXBXpXXXXXXXXXX_!!0-item_pic.jpg,2-10,b231,s429
12,2014 秋冬款 修身男士牛仔裤 男装 加绒 铅笔小脚裤 休闲 长 裤子 男生 韩版 ,http://img01.taobaocdn.com/bao/uploaded/i2/TB10ECJFVXXXXclXpXXXXXXXXXX_!!0-item_pic.jpg,1-4,b253,s430
466,秋冬新款 高腰 打底裤 外 穿 小脚裤 休闲裤 女士 大码女装 显 瘦 韩版 长 裤子 ,http://img01.taobaocdn.com/bao/uploaded/i2/TB1EHvdFVXXXXaJXFXXXXXXXXXX_!!0-item_pic.jpg,2-3,null,s334
347,金沙 鹭   秋季 白 衬衫   男   长袖 修身 商务 纯色衬衣   男士 职业 正装 寸 衫 ,http://img01.taobaocdn.com/bao/uploaded/i1/TB1TZVmGFXXXXbBXVXXXXXXXXXX_!!0-item_pic.jpg,1-9,b254,s431
470,2014 秋冬新款 外 穿 长裤 踩脚打底裤 裙裤 大码女装 包臀 显 瘦 假两件 裤子 ,http://img01.taobaocdn.com/bao/uploaded/i4/TB1UcycGpXXXXXmXVXXXXXXXXXX_!!0-item_pic.jpg,2-3,b255,s432
128,2014 夏季 潮 男T恤 韩版 修身男装 体恤 衫 纯棉 圆领 印花 半袖 男士短袖t恤 ,http://img01.taobaocdn.com/bao/uploaded/i2/T1_DNsFQxcXXXXXXXX_!!0-item_pic.jpg,1-7,b9,s433
23,2014 新款 韩版 女士 长袖衬衫 女装 春秋装 衬衫 白色 雪纺打底衫 修身 百搭 ,http://img01.taobaocdn.com/bao/uploaded/i2/T1ID3RFpVXXXXXXXXX_!!0-item_pic.jpg,2-9,b9,s434
250,2014 秋装 新款 韩版 女士牛仔裤 修身 显 瘦 黑色长裤 糖果色铅笔 小脚 裤子 ,http://img01.taobaocdn.com/bao/uploaded/i3/TB1dHTLFVXXXXc_XXXXXXXXXXXX_!!0-item_pic.jpg,2-4,b164,s268
422,2014 新款 秋冬女装 加绒 加厚 长款打底衫 女 韩版 波点 修身圆领长袖t恤 ,http://img01.taobaocdn.com/bao/uploaded/i3/T1q9dmFJtdXXXXXXXX_!!2-item_pic.png,2-7,null,s435
51,秋冬新款 女装 半身裙 蓬 蓬 伞裙 太阳 百褶裙 裤 韩版 高腰 A 字 短 裙子 大码 ,http://img01.taobaocdn.com/bao/uploaded/i3/TB1.F1mFVXXXXajXVXXXXXXXXXX_!!0-item_pic.jpg,2-8,b256,s436
304,2014 早秋 新款 套装 韩版 秋冬 长袖小外套 秋装连衣裙 两件套 打底背心裙 ,http://img01.taobaocdn.com/bao/uploaded/i2/TB1BWI7FFXXXXcjapXXXXXXXXXX_!!0-item_pic.jpg,2-10,null,s437
108,韩版 秋装 2014 新款长袖T恤 上衣 纯棉 修身 高领 打底 针织背心 毛衣 小衫 ,http://img01.taobaocdn.com/bao/uploaded/i1/TB1HksSGXXXXXaGXpXXXXXXXXXX_!!0-item_pic.jpg,2-5,b257,s438
451,蕾丝衫 女 2014 秋装 韩版 新款 大码女装 气质 长袖雪纺衫 修身打底衫 上衣 ,http://img01.taobaocdn.com/bao/uploaded/i3/TB1g.cqFVXXXXbCXVXXXXXXXXXX_!!0-item_pic.jpg,2-12,null,s439
267,2014 秋冬 外 穿 加绒 加厚 弹力 小脚 铅笔裤 休闲长裤 女装 显 瘦 打底裤 外 穿 ,http://img01.taobaocdn.com/bao/uploaded/i1/T1WV_ZFTpXXXXXXXXX_!!0-item_pic.jpg,2-3,null,s440
69,远东   秋装 长袖衬衫 男士 韩版 休闲衬衣 男 格子衬衫 男 长袖 修身 潮 男装 ,http://img01.taobaocdn.com/bao/uploaded/i1/TB1XQdbGpXXXXXRXpXXXXXXXXXX_!!0-item_pic.jpg,1-9,b148,s441
193,2014 秋冬新款 女装短裙 半身裙 百搭 高腰百褶裙 裤 纯黑色 A 字 裙子 大码 ,http://img01.taobaocdn.com/bao/uploaded/i2/TB1DgD9FVXXXXbcXFXXXXXXXXXX_!!0-item_pic.jpg,2-8,b195,s312
7,春秋 韩版 新款 薄 针织衫 短款毛衣 女 空调 衫 外 搭 女士开衫 线衣 披肩 外套 ,http://img01.taobaocdn.com/bao/uploaded/i3/T1EfexFr8XXXXXXXXX_!!0-item_pic.jpg,2-5,null,s442
119,秋季休闲裤 男士 加肥 加大码 男 裤子 韩版 修身 潮 小脚 长裤 直筒裤 胖 男装 ,http://img01.taobaocdn.com/bao/uploaded/i4/T1gLyhFvlfXXXXXXXX_!!0-item_pic.jpg,1-2,b258,s443
263,2014 春秋装 新款 女 韩版 潮 大码 休闲长裤 显 瘦 哈伦 裤 小脚 女 打底 裤子 ,http://img01.taobaocdn.com/bao/uploaded/i1/TB18_7rFVXXXXafaXXXXXXXXXXX_!!0-item_pic.jpg,2-2,b259,s444
214,梦娜   加绒 加厚 白 竹炭 秋冬 V 裆 一体 无痕 超 弹 保暖打底裤 女   大码女装 ,http://img01.taobaocdn.com/bao/uploaded/i2/TB1Msj1GpXXXXcgXXXXXXXXXXXX_!!0-item_pic.jpg,2-3,b260,s445
41,MJX   2014 秋季 新款 纯色 正装衬衫   男 商务 长袖 男士 商务衬衣   职业男装 ,http://img01.taobaocdn.com/bao/uploaded/i1/TB1U4ARFFXXXXbTaXXXXXXXXXXX_!!0-item_pic.jpg,1-9,b156,s446
384,秋冬新款 大码女装 条纹t恤 女 长袖 修身 纯棉打底衫 女款上衣 韩版小衫 ,http://img01.taobaocdn.com/bao/uploaded/i3/TB1rANWGXXXXXXaXpXXXXXXXXXX_!!0-item_pic.jpg,2-7,null,s447
168,康 纤 秋装 新款 男士休闲裤 韩版 小脚 男 裤子 男装 直筒 修身休闲长裤 男 潮 ,http://img01.taobaocdn.com/bao/uploaded/i2/TB1VgyJGpXXXXchXXXXXXXXXXXX_!!0-item_pic.jpg,1-2,b261,s448
82,波顿 帝王 2014 新款 秋季 男牛仔裤   修身 直筒男士牛仔裤   潮 男 长裤 ,http://img01.taobaocdn.com/bao/uploaded/i4/TB1MZd6FVXXXXcSXFXXXXXXXXXX_!!0-item_pic.jpg,1-4,b262,s449
238,901 秋装 新款 高腰 打底裤 女 夏 显 瘦 铅笔裤 女 弹力 小脚 九分裤 糖果 百搭 ,http://img01.taobaocdn.com/bao/uploaded/i3/TB1BjLXFVXXXXcwXpXXXXXXXXXX_!!0-item_pic.jpg,2-3,null,s90
539,2014 新款 秋款 糖果色铅笔裤 打底裤 显 瘦 小脚裤 弹力休闲裤 女 裤子 长裤 ,http://img01.taobaocdn.com/bao/uploaded/i2/TB1QpcjGXXXXXbrXpXXXXXXXXXX_!!0-item_pic.jpg,2-2,b131,s219
188,男士 长袖T恤 2014 秋装 新款 男装 韩版 修身 纯棉 圆领 印花 潮 上 衣服 血  ,http://img01.taobaocdn.com/bao/uploaded/i4/TB1B0BRGXXXXXaIaXXXXXXXXXXX_!!0-item_pic.jpg,1-7,null,s134
434,HL * 2014 秋冬新款 套头毛衣 女 韩版 条纹 显 瘦 针织衫 中袖 宽松 圆领T恤 潮 ,http://img01.taobaocdn.com/bao/uploaded/i4/T1p8mDFD4dXXXXXXXX_!!0-item_pic.jpg,2-5,null,s450
400,小 香 风 2014 女装 春秋装 长袖 百搭 棒球服 新款 韩版 学生 休闲外套 女 潮 薄 ,http://img01.taobaocdn.com/bao/uploaded/i4/TB1l2j6FVXXXXbnXFXXXXXXXXXX_!!0-item_pic.jpg,2-14,null,s270
321,宝娜斯 2014 加绒 加厚 秋冬 外 穿 打底裤 女 保暖 大码 一体 高腰 显 瘦 小脚裤 ,http://img01.taobaocdn.com/bao/uploaded/i4/TB1XFleGFXXXXayXXXXXXXXXXXX_!!0-item_pic.jpg,2-3,b263,s451
418,2014 秋装 新款 大码女装 韩版 百搭 修身打底衫 拼接 蕾丝 圆领 长袖女t恤 ,http://img01.taobaocdn.com/bao/uploaded/i2/TB1RxGlFVXXXXb5XXXXXXXXXXXX_!!0-item_pic.jpg,2-7,null,s452
518,韩版 潮 宽松开衫 卫衣 女 韩版 学生 秋季外套 女 休闲 大码 棒球服 外套 卫衣 ,http://img01.taobaocdn.com/bao/uploaded/i2/TB1u7GfFVXXXXbGaXXXXXXXXXXX_!!0-item_pic.jpg,2-17,null,s453
493,9.9 元 秋冬款   纯棉   Y 字   工字 莫代尔   吊带背心   打底衫     小 背心   女装 ,http://img01.taobaocdn.com/bao/uploaded/i4/T1Ywt9FshiXXXXXXXX_!!0-item_pic.jpg,2-19,null,s454
483,迷 柏 可 斯 秋冬新款 男士休闲裤 男装 小脚 男 裤子 韩版 修身直筒长裤 男 潮 ,http://img01.taobaocdn.com/bao/uploaded/i2/TB1ad8WGFXXXXX0XXXXXXXXXXXX_!!0-item_pic.jpg,1-2,b264,s455
513,春秋季 假两件 打底裤 裙裤 加厚 大码 显 瘦 包臀 裤裙 女士 外 穿 长裤 小脚裤 ,http://img01.taobaocdn.com/bao/uploaded/i1/TB1Y4nVFVXXXXbEXXXXXXXXXXXX_!!0-item_pic.jpg,2-3,b62,s105
2,优 凡 秋冬新款 男装 棉 直筒休闲长裤 小脚 裤子   男士 韩版 修身休闲裤   男 ,http://img01.taobaocdn.com/bao/uploaded/i3/TB14OANGXXXXXb0XpXXXXXXXXXX_!!0-item_pic.jpg,1-2,b265,s456
516,2014 秋季 潮 男T恤 韩版 修身男装 体恤 衫 纯棉 圆领 印花 半袖 男士 长袖t恤 ,http://img01.taobaocdn.com/bao/uploaded/i2/T1IpORFrNdXXXXXXXX_!!0-item_pic.jpg,1-7,b9,s457
129,2014 春秋 新款 大码女装 长袖女T恤   修身 韩版 不规则 打底衫 女装 上 衣服 ,http://img01.taobaocdn.com/bao/uploaded/i1/T1jwjQFaXbXXXXXXXX_!!0-item_pic.jpg,2-7,b266,s458
387,2014 早秋 新款 女装套装 女 秋装 新款 休闲套装   上衣 + 九 分 裤子 两件套 ,http://img01.taobaocdn.com/bao/uploaded/i3/TB1uqphFVXXXXazaXXXXXXXXXXX_!!0-item_pic.jpg,2-15,null,s459
388,2014 秋冬 加绒 加厚 高腰牛仔裤 女   显 瘦 修身 小脚 铅笔长裤 弹力 韩版 潮 ,http://img01.taobaocdn.com/bao/uploaded/i1/TB1o4m6GpXXXXadXXXXXXXXXXXX_!!0-item_pic.jpg,2-4,b267,s460
213,天鹅绒运动套装 女 韩版 早秋 新款 金丝 卫衣 欧洲站 春秋季 欧 货 休闲服 女 ,http://img01.taobaocdn.com/bao/uploaded/i4/T1M0QHFshXXXXXXXXX_!!0-item_pic.jpg,2-15,b268,s461
527,长袖T恤 女款 打底衫 纯棉上衣 体恤 2014 秋款 修身 中长款 学生 秋装 新款 ,http://img01.taobaocdn.com/bao/uploaded/i1/TB1Gr3ZGXXXXXbJXpXXXXXXXXXX_!!0-item_pic.jpg,2-7,b269,s462
495,五彩 美斯 女士 纯棉打底衫 吊带 双 U 领 字 小 背心 女 修身 运动 短款 春夏 工 ,http://img01.taobaocdn.com/bao/uploaded/i4/TB1klseFVXXXXXAXFXXXXXXXXXX_!!0-item_pic.jpg,2-19,b270,s463
131,纯棉 春秋 薄款 莫代尔 打底裤 女 加厚 大码 外 穿 小脚 长 裤子 秋冬季 2014 新 ,http://img01.taobaocdn.com/bao/uploaded/i2/TB1ZkikGXXXXXaAaXXXXXXXXXXX_!!0-item_pic.jpg,2-3,b37,s61
331,格子衬衫   女   长袖 2014 秋季 新款 韩版 修身 学生 衬衣 女士外套 大码女装 ,http://img01.taobaocdn.com/bao/uploaded/i1/TB1Yq9uGXXXXXcNXFXXXXXXXXXX_!!0-item_pic.jpg,2-9,b271,s464
226,2014 秋装 新款 韩版 大码女装 上衣 修身 显 瘦 加绒 打底衫 纯棉长袖t恤 女 ,http://img01.taobaocdn.com/bao/uploaded/i4/T1PwCVFBFXXXXXXXXX_!!0-item_pic.jpg,2-7,null,s89
53,防走光短裙 半身裙 女秋冬装 黑色 百褶 裙裤 高腰 蓬蓬伞 裙子 大码 A字裙 ,http://img01.taobaocdn.com/bao/uploaded/i4/TB1iP_gGpXXXXaHXpXXXXXXXXXX_!!0-item_pic.jpg,2-8,b99,s161
411,大码女装 长裤   200 斤 胖 mm 秋款打底裤 外 穿   加肥 加大 显 瘦 弹力 女 长裤 ,http://img01.taobaocdn.com/bao/uploaded/i1/TB1m8w.FVXXXXa9XXXXXXXXXXXX_!!0-item_pic.jpg,2-24,null,s465
272,新款 糖果色 小脚裤 长裤   显 瘦 韩版 女装 薄款铅笔裤 休闲裤子 女 秋冬季 ,http://img01.taobaocdn.com/bao/uploaded/i2/TB1KU0RFVXXXXaCXFXXXXXXXXXX_!!0-item_pic.jpg,2-2,null,s466
485,TOPOT   加厚 保暖   秋季 男士 装 长袖衬衫 灯芯绒 拼接 格子 修身 韩版衬衣 ,http://img01.taobaocdn.com/bao/uploaded/i2/T15oAjFfxgXXXXXXXX_!!0-item_pic.jpg,1-9,b242,s467
496,吴娃 2014 秋装 新款 韩版 女装 修身 显 瘦 打底衫 上衣 潮 印花 大码 长袖T恤 ,http://img01.taobaocdn.com/bao/uploaded/i3/T1aVTkFy0bXXXXXXXX_!!0-item_pic.jpg,2-7,b60,s101
317,2014 秋装 新款 高腰 加绒牛仔裤 女 小脚裤 韩版 潮 长 裤子 加厚 铅笔裤 长裤 ,http://img01.taobaocdn.com/bao/uploaded/i2/TB1dmZcFVXXXXb6XpXXXXXXXXXX_!!0-item_pic.jpg,2-4,b55,s468
67,2014 秋冬季 新款 长款 女装   针织 长袖 气质连衣裙 打底裙 包臀 紧身 长裙 ,http://img01.taobaocdn.com/bao/uploaded/i2/T1xom2FpVXXXXXXXXX_!!0-item_pic.jpg,2-10,b272,s469
109,男士 大码 印花长袖T恤 男 纯棉 男装 休闲 韩版 条纹打底衫 2014 秋装 潮 V领 ,http://img01.taobaocdn.com/bao/uploaded/i2/TB108dlGpXXXXa1XpXXXXXXXXXX_!!0-item_pic.jpg,1-7,b111,s180
84,欧洲站 2014 早秋 新款 套装 春秋装 大码 印花 卫 衣服 韩版 运动休闲套装 女 ,http://img01.taobaocdn.com/bao/uploaded/i3/TB1V9bZFVXXXXbUXpXXXXXXXXXX_!!0-item_pic.jpg,2-15,b273,s470
323,2014 秋装 新款 女装 宽松 方领 长袖针织衫 打底衫 皇冠 套头毛衣 秋冬外套 ,http://img01.taobaocdn.com/bao/uploaded/i1/TB1ATjEGpXXXXbWXpXXXXXXXXXX_!!0-item_pic.jpg,2-11,b274,s471
155,1 R - h 704 韩版 2014 新款 秋装女装 娃娃领 撞色 钩花 长袖毛衣 针织衫 H - 18 ,http://img01.taobaocdn.com/bao/uploaded/i3/TB1fiSQGXXXXXaqXVXXXXXXXXXX_!!0-item_pic.jpg,2-5,null,s234
252,酷 莱雅   秋季 新款 青年 男士牛仔裤   男 直筒 修身 大码 牛仔长裤 男款 M06 ,http://img01.taobaocdn.com/bao/uploaded/i3/TB14MVDGXXXXXaMaXXXXXXXXXXX_!!0-item_pic.jpg,1-4,b275,s472
393,秋季 男生 修身男士牛仔裤 男 直筒男裤 牛仔 长 裤子 秋冬款 装 小脚 韩版 潮 ,http://img01.taobaocdn.com/bao/uploaded/i4/T14g0RFwRjXXXXXXXX_!!0-item_pic.jpg,1-4,b75,s473
442,longxi 秋款 男装小脚裤 男士牛仔裤 男 潮 男 韩版 修身 休闲 长 裤子 铅笔裤 ,http://img01.taobaocdn.com/bao/uploaded/i2/T1bLkOFGJaXXXXXXXX_!!0-item_pic.jpg,1-4,b276,s474
189,2014 新款 秋季 纯棉 潮 男士 长袖t恤 男装 韩版上衣 青少年 打底衫 秋 衣服 ,http://img01.taobaocdn.com/bao/uploaded/i4/TB1C4.YGXXXXXbwXFXXXXXXXXXX_!!0-item_pic.jpg,1-7,b277,s475
511,2014 秋装 款 修身 小脚牛仔裤 男 林 弯 弯 韩版 黑灰 休闲 潮 男士 英伦 长 裤子 ,http://img01.taobaocdn.com/bao/uploaded/i2/TB1ZFMYFVXXXXXyXpXXXXXXXXXX_!!0-item_pic.jpg,1-4,b152,s476
174,2014 秋装 新款运动裤 小脚 哈伦 裤子 女装 韩版 潮 大码 宽松休闲裤 女 长裤 ,http://img01.taobaocdn.com/bao/uploaded/i2/TB1MsRLGXXXXXb4XpXXXXXXXXXX_!!0-item_pic.jpg,2-2,null,s58
273,狼 士 秘密   男士背心   纯棉运动背心 马甲   春夏 韩版 宽松 汗 杉   单件 包邮 ,http://img01.taobaocdn.com/bao/uploaded/i4/TB1JUEKGXXXXXbZXpXXXXXXXXXX_!!0-item_pic.jpg,1-21,b278,s477
380,打底裤 秋   仿牛仔打底裤   女   外 穿 显 瘦 弹力 紧身小脚裤   裤子   九分裤 ,http://img01.taobaocdn.com/bao/uploaded/i1/TB1UrW5GXXXXXcPXpXXXXXXXXXX_!!0-item_pic.jpg,2-3,null,s81
240,秋季 弹力休闲裤 男 修身 亚麻 裤 男士 棉麻裤 韩版 男 裤子 长 加绒 大码 小脚 ,http://img01.taobaocdn.com/bao/uploaded/i4/TB1nhMSFVXXXXbVXFXXXXXXXXXX_!!0-item_pic.jpg,1-2,b279,s478
469,2014 韩版 大码女装 上衣 秋冬新款 宽松 加绒 加厚 长袖女t恤 百搭打底衫 ,http://img01.taobaocdn.com/bao/uploaded/i2/TB1bHVLFVXXXXcEXVXXXXXXXXXX_!!0-item_pic.jpg,2-7,null,s479
27,2014 春秋 新款 韩版 糖果色 V领 长袖针织衫 女 开衫 大码 短外套 毛衣 包邮 ,http://img01.taobaocdn.com/bao/uploaded/i2/TB1l4ykGXXXXXalXpXXXXXXXXXX_!!0-item_pic.jpg,2-5,null,s197
484,香 爱莎 2014 秋装 新款 显 瘦 哈伦 裤 女 韩版 潮 大码 休闲长裤 小脚裤 女 裤子 ,http://img01.taobaocdn.com/bao/uploaded/i3/TB1K483GXXXXXbXXXXXXXXXXXXX_!!0-item_pic.jpg,2-2,b280,s480
167,2014 春秋 新款 韩版 潮 中袖 长袖 修身 破洞 百搭牛仔外套 女 短款 牛仔上衣 ,http://img01.taobaocdn.com/bao/uploaded/i1/TB1u54hGXXXXXagaXXXXXXXXXXX_!!0-item_pic.jpg,2-14,null,s481
75,JVR   秋装 薄款 针织 裤子   休闲裤   男士 大码 卫裤 长裤   宽松运动裤   男 潮 ,http://img01.taobaocdn.com/bao/uploaded/i1/TB1zpB_FVXXXXXsXpXXXXXXXXXX_!!0-item_pic.jpg,1-2,b105,s169
377,包邮 新款 秋装 中老年女装 上衣 长袖T恤   妈妈装 加肥 加大 打底针织衫 ,http://img01.taobaocdn.com/bao/uploaded/i2/TB1bj_7FVXXXXbgaXXXXXXXXXXX_!!0-item_pic.jpg,2-13,null,s482
452,正装裤 女 裤子 女式 西装裤 直筒 修身 显 瘦 西裤 女装长裤 职业 工装裤 秋 夏 ,http://img01.taobaocdn.com/bao/uploaded/i2/11408039400228157/T1mHCBFhFXXXXXXXXX_!!0-item_pic.jpg,2-2,null,s483
146,2014 秋装 新款 韩版 大码女装 长袖t恤 女 露肩 打底衫 女士上衣 针织小衫 ,http://img01.taobaocdn.com/bao/uploaded/i2/T1ngl2FppfXXXXXXXX_!!0-item_pic.jpg,2-7,null,s484
478,休闲裤 男 长裤   修身 韩版 商务男裤 蚕丝棉 秋冬款 男士裤子   直筒小脚裤 ,http://img01.taobaocdn.com/bao/uploaded/i4/TB1KlZfGXXXXXcsXXXXXXXXXXXX_!!0-item_pic.jpg,1-2,b281,s485
13,2014 春秋装 新款 女装 中长款 长袖 外 搭 开衫 薄 外套 女针织衫 大码毛衣 ,http://img01.taobaocdn.com/bao/uploaded/i3/TB1kb21FVXXXXb_XFXXXXXXXXXX_!!0-item_pic.jpg,2-5,b282,s486
117,秋装 新款 修身 大码 包臀 打底裙 百褶裙 秋冬 OL 名媛 气质 蕾丝长袖连衣裙 ,http://img01.taobaocdn.com/bao/uploaded/i3/TB1AgGPGXXXXXccXVXXXXXXXXXX_!!0-item_pic.jpg,2-10,null,s387
410,2014 秋装 新款 韩版 大码女装 开衫 V领 短款 女 防晒 衫 毛衣 开衫 针织外套 ,http://img01.taobaocdn.com/bao/uploaded/i3/TB1_fBPGFXXXXcTXXXXXXXXXXXX_!!0-item_pic.jpg,2-5,b283,s487
58,韩版 显 瘦 秋冬 卫裤 宽松 休闲裤子 纯棉 哈伦 裤 潮 加厚 加绒 小脚 运动裤 女 ,http://img01.taobaocdn.com/bao/uploaded/i4/TB1eOQ1GpXXXXa3XVXXXXXXXXXX_!!0-item_pic.jpg,2-2,b284,s488
158,特价 2014 秋款 男装休闲裤 纯棉 韩版 修身 低腰小脚裤 黑白色 长 裤子 包邮 ,http://img01.taobaocdn.com/bao/uploaded/i4/T1dR9uFqleXXXXXXXX_!!0-item_pic.jpg,1-2,b285,s489
291,男装 秋款 男士休闲裤 修身长裤 小脚 运动裤 大码 卫裤 宽松裤子 男 韩版 潮 ,http://img01.taobaocdn.com/bao/uploaded/i3/TB1TNogFVXXXXbaXpXXXXXXXXXX_!!0-item_pic.jpg,1-2,b183,s295
176,白色t恤 女 短袖 体恤 修身 纯棉打底衫 韩版 圆领 紧身 夏装 纯色 女款   潮 ,http://img01.taobaocdn.com/bao/uploaded/i4/T13ZtZFQ4bXXXXXXXX_!!0-item_pic.jpg,2-7,b286,s490
453,2014 秋冬新款 韩版 女装   修身 显 瘦 大码 呢子 圆领 裙子   长袖 毛呢连衣裙 ,http://img01.taobaocdn.com/bao/uploaded/i3/T1udHTFideXXXXXXXX_!!0-item_pic.jpg,2-10,b287,s491
548,韩版 时尚 打底衫 长袖 女 长款 秋   t恤 女式 外 穿 秋衣 宽松 个性 休闲 潮 衣服 ,http://img01.taobaocdn.com/bao/uploaded/i2/TB1x6p4GXXXXXahXXXXXXXXXXXX_!!1-item_pic.gif,2-7,null,s492
551,2014 新款 秋装 韩版 大码女装 宽松 显 瘦 打底衫 中长款 长袖连衣裙 T恤 潮 ,http://img01.taobaocdn.com/bao/uploaded/i2/TB1G9MSFVXXXXc3XpXXXXXXXXXX_!!0-item_pic.jpg,2-24,null,s493
403,2014 新款 秋冬 加绒运动裤 女 长 裤子 宽松 大码休闲裤 卫裤 韩版 潮 哈伦 裤 ,http://img01.taobaocdn.com/bao/uploaded/i1/T1baWrFs8bXXXXXXXX_!!0-item_pic.jpg,2-2,null,s356
